sample	dataset	forward_read	reverse_read
1003BAL00_TUBE340201218	MGX_DATA	/projects/b1042/HartmannLab/jack/balf_amplicon_microbiome/raw_fastq/RawFastq/1003BAL00_TUBE340201218_S94_R1_001.fastq.gz	/projects/b1042/HartmannLab/jack/balf_amplicon_microbiome/raw_fastq/RawFastq/1003BAL00_TUBE340201218_S94_R2_001.fastq.gz
1003BAL03_TUBE340201231	MGX_DATA	/projects/b1042/HartmannLab/jack/balf_amplicon_microbiome/raw_fastq/RawFastq/1003BAL03_TUBE340201231_S95_R1_001.fastq.gz	/projects/b1042/HartmannLab/jack/balf_amplicon_microbiome/raw_fastq/RawFastq/1003BAL03_TUBE340201231_S95_R2_001.fastq.gz
1004BAL00_TUBE340235389	MGX_DATA	/projects/b1042/HartmannLab/jack/balf_amplicon_microbiome/raw_fastq/RawFastq/1004BAL00_TUBE340235389_S96_R1_001.fastq.gz	/projects/b1042/HartmannLab/jack/balf_amplicon_microbiome/raw_fastq/RawFastq/1004BAL00_TUBE340235389_S96_R2_001.fastq.gz
1004BAL07_TUBE340197096	MGX_DATA	/projects/b1042/HartmannLab/jack/balf_amplicon_microbiome/raw_fastq/RawFastq/1004BAL07_TUBE340197096_S97_R1_001.fastq.gz	/projects/b1042/HartmannLab/jack/balf_amplicon_microbiome/raw_fastq/RawFastq/1004BAL07_TUBE340197096_S97_R2_001.fastq.gz
1005BAL00_TUBE340201176	MGX_DATA	/projects/b1042/HartmannLab/jack/balf_amplicon_microbiome/raw_fastq/RawFastq/1005BAL00_TUBE340201176_S3_R1_001.fastq.gz	/projects/b1042/HartmannLab/jack/balf_amplicon_microbiome/raw_fastq/RawFastq/1005BAL00_TUBE340201176_S3_R2_001.fastq.gz
1006BAL00_TUBE340207377	MGX_DATA	/projects/b1042/HartmannLab/jack/balf_amplicon_microbiome/raw_fastq/RawFastq/1006BAL00_TUBE340207377_S98_R1_001.fastq.gz	/projects/b1042/HartmannLab/jack/balf_amplicon_microbiome/raw_fastq/RawFastq/1006BAL00_TUBE340207377_S98_R2_001.fastq.gz
1007BAL00_TUBE340206760	MGX_DATA	/projects/b1042/HartmannLab/jack/balf_amplicon_microbiome/raw_fastq/RawFastq/1007BAL00_TUBE340206760_S99_R1_001.fastq.gz	/projects/b1042/HartmannLab/jack/balf_amplicon_microbiome/raw_fastq/RawFastq/1007BAL00_TUBE340206760_S99_R2_001.fastq.gz
1008BAL00_TUBE340201181	MGX_DATA	/projects/b1042/HartmannLab/jack/balf_amplicon_microbiome/raw_fastq/RawFastq/1008BAL00_TUBE340201181_S100_R1_001.fastq.gz	/projects/b1042/HartmannLab/jack/balf_amplicon_microbiome/raw_fastq/RawFastq/1008BAL00_TUBE340201181_S100_R2_001.fastq.gz
1008BAL03_TUBE340207329	MGX_DATA	/projects/b1042/HartmannLab/jack/balf_amplicon_microbiome/raw_fastq/RawFastq/1008BAL03_TUBE340207329_S104_R1_001.fastq.gz	/projects/b1042/HartmannLab/jack/balf_amplicon_microbiome/raw_fastq/RawFastq/1008BAL03_TUBE340207329_S104_R2_001.fastq.gz
1008BAL07_TUBE340199388	MGX_DATA	/projects/b1042/HartmannLab/jack/balf_amplicon_microbiome/raw_fastq/RawFastq/1008BAL07_TUBE340199388_S106_R1_001.fastq.gz	/projects/b1042/HartmannLab/jack/balf_amplicon_microbiome/raw_fastq/RawFastq/1008BAL07_TUBE340199388_S106_R2_001.fastq.gz
1010BAL00_TUBE340235998	MGX_DATA	/projects/b1042/HartmannLab/jack/balf_amplicon_microbiome/raw_fastq/RawFastq/1010BAL00_TUBE340235998_S101_R1_001.fastq.gz	/projects/b1042/HartmannLab/jack/balf_amplicon_microbiome/raw_fastq/RawFastq/1010BAL00_TUBE340235998_S101_R2_001.fastq.gz
1010BAL03_TUBE340199421	MGX_DATA	/projects/b1042/HartmannLab/jack/balf_amplicon_microbiome/raw_fastq/RawFastq/1010BAL03_TUBE340199421_S103_R1_001.fastq.gz	/projects/b1042/HartmannLab/jack/balf_amplicon_microbiome/raw_fastq/RawFastq/1010BAL03_TUBE340199421_S103_R2_001.fastq.gz
1011BAL00_TUBE340207335	MGX_DATA	/projects/b1042/HartmannLab/jack/balf_amplicon_microbiome/raw_fastq/RawFastq/1011BAL00_TUBE340207335_S102_R1_001.fastq.gz	/projects/b1042/HartmannLab/jack/balf_amplicon_microbiome/raw_fastq/RawFastq/1011BAL00_TUBE340207335_S102_R2_001.fastq.gz
1011BAL03_TUBE340207393	MGX_DATA	/projects/b1042/HartmannLab/jack/balf_amplicon_microbiome/raw_fastq/RawFastq/1011BAL03_TUBE340207393_S105_R1_001.fastq.gz	/projects/b1042/HartmannLab/jack/balf_amplicon_microbiome/raw_fastq/RawFastq/1011BAL03_TUBE340207393_S105_R2_001.fastq.gz
1012BAL00_TUBE340207343	MGX_DATA	/projects/b1042/HartmannLab/jack/balf_amplicon_microbiome/raw_fastq/RawFastq/1012BAL00_TUBE340207343_S107_R1_001.fastq.gz	/projects/b1042/HartmannLab/jack/balf_amplicon_microbiome/raw_fastq/RawFastq/1012BAL00_TUBE340207343_S107_R2_001.fastq.gz
1013BAL00_TUBE340206792	MGX_DATA	/projects/b1042/HartmannLab/jack/balf_amplicon_microbiome/raw_fastq/RawFastq/1013BAL00_TUBE340206792_S4_R1_001.fastq.gz	/projects/b1042/HartmannLab/jack/balf_amplicon_microbiome/raw_fastq/RawFastq/1013BAL00_TUBE340206792_S4_R2_001.fastq.gz
1015BAL00_TUBE340201210	MGX_DATA	/projects/b1042/HartmannLab/jack/balf_amplicon_microbiome/raw_fastq/RawFastq/1015BAL00_TUBE340201210_S108_R1_001.fastq.gz	/projects/b1042/HartmannLab/jack/balf_amplicon_microbiome/raw_fastq/RawFastq/1015BAL00_TUBE340201210_S108_R2_001.fastq.gz
1016BAL00_TUBE340201222	MGX_DATA	/projects/b1042/HartmannLab/jack/balf_amplicon_microbiome/raw_fastq/RawFastq/1016BAL00_TUBE340201222_S5_R1_001.fastq.gz	/projects/b1042/HartmannLab/jack/balf_amplicon_microbiome/raw_fastq/RawFastq/1016BAL00_TUBE340201222_S5_R2_001.fastq.gz
1017BAL00_TUBE340207376	MGX_DATA	/projects/b1042/HartmannLab/jack/balf_amplicon_microbiome/raw_fastq/RawFastq/1017BAL00_TUBE340207376_S6_R1_001.fastq.gz	/projects/b1042/HartmannLab/jack/balf_amplicon_microbiome/raw_fastq/RawFastq/1017BAL00_TUBE340207376_S6_R2_001.fastq.gz
1018BAL00_TUBE340201213	MGX_DATA	/projects/b1042/HartmannLab/jack/balf_amplicon_microbiome/raw_fastq/RawFastq/1018BAL00_TUBE340201213_S109_R1_001.fastq.gz	/projects/b1042/HartmannLab/jack/balf_amplicon_microbiome/raw_fastq/RawFastq/1018BAL00_TUBE340201213_S109_R2_001.fastq.gz
1019BAL00_TUBE340208565	MGX_DATA	/projects/b1042/HartmannLab/jack/balf_amplicon_microbiome/raw_fastq/RawFastq/1019BAL00_TUBE340208565_S7_R1_001.fastq.gz	/projects/b1042/HartmannLab/jack/balf_amplicon_microbiome/raw_fastq/RawFastq/1019BAL00_TUBE340208565_S7_R2_001.fastq.gz
1020BAL03_TUBE340207391	MGX_DATA	/projects/b1042/HartmannLab/jack/balf_amplicon_microbiome/raw_fastq/RawFastq/1020BAL03_TUBE340207391_S9_R1_001.fastq.gz	/projects/b1042/HartmannLab/jack/balf_amplicon_microbiome/raw_fastq/RawFastq/1020BAL03_TUBE340207391_S9_R2_001.fastq.gz
1021BAL00_TUBE340197056	MGX_DATA	/projects/b1042/HartmannLab/jack/balf_amplicon_microbiome/raw_fastq/RawFastq/1021BAL00_TUBE340197056_S10_R1_001.fastq.gz	/projects/b1042/HartmannLab/jack/balf_amplicon_microbiome/raw_fastq/RawFastq/1021BAL00_TUBE340197056_S10_R2_001.fastq.gz
1021BAL10_TUBE340201215	MGX_DATA	/projects/b1042/HartmannLab/jack/balf_amplicon_microbiome/raw_fastq/RawFastq/1021BAL10_TUBE340201215_S112_R1_001.fastq.gz	/projects/b1042/HartmannLab/jack/balf_amplicon_microbiome/raw_fastq/RawFastq/1021BAL10_TUBE340201215_S112_R2_001.fastq.gz
1022BAL00_TUBE340235405	MGX_DATA	/projects/b1042/HartmannLab/jack/balf_amplicon_microbiome/raw_fastq/RawFastq/1022BAL00_TUBE340235405_S11_R1_001.fastq.gz	/projects/b1042/HartmannLab/jack/balf_amplicon_microbiome/raw_fastq/RawFastq/1022BAL00_TUBE340235405_S11_R2_001.fastq.gz
1023BAL00_TUBE340201203	MGX_DATA	/projects/b1042/HartmannLab/jack/balf_amplicon_microbiome/raw_fastq/RawFastq/1023BAL00_TUBE340201203_S110_R1_001.fastq.gz	/projects/b1042/HartmannLab/jack/balf_amplicon_microbiome/raw_fastq/RawFastq/1023BAL00_TUBE340201203_S110_R2_001.fastq.gz
1024BAL00_TUBE340201234	MGX_DATA	/projects/b1042/HartmannLab/jack/balf_amplicon_microbiome/raw_fastq/RawFastq/1024BAL00_TUBE340201234_S111_R1_001.fastq.gz	/projects/b1042/HartmannLab/jack/balf_amplicon_microbiome/raw_fastq/RawFastq/1024BAL00_TUBE340201234_S111_R2_001.fastq.gz
1024BAL06_TUBE340207357	MGX_DATA	/projects/b1042/HartmannLab/jack/balf_amplicon_microbiome/raw_fastq/RawFastq/1024BAL06_TUBE340207357_S113_R1_001.fastq.gz	/projects/b1042/HartmannLab/jack/balf_amplicon_microbiome/raw_fastq/RawFastq/1024BAL06_TUBE340207357_S113_R2_001.fastq.gz
1025BAL00_TUBE340207365	MGX_DATA	/projects/b1042/HartmannLab/jack/balf_amplicon_microbiome/raw_fastq/RawFastq/1025BAL00_TUBE340207365_S12_R1_001.fastq.gz	/projects/b1042/HartmannLab/jack/balf_amplicon_microbiome/raw_fastq/RawFastq/1025BAL00_TUBE340207365_S12_R2_001.fastq.gz
1026BAL00_TUBE340199352	MGX_DATA	/projects/b1042/HartmannLab/jack/balf_amplicon_microbiome/raw_fastq/RawFastq/1026BAL00_TUBE340199352_S114_R1_001.fastq.gz	/projects/b1042/HartmannLab/jack/balf_amplicon_microbiome/raw_fastq/RawFastq/1026BAL00_TUBE340199352_S114_R2_001.fastq.gz
1027BAL00_TUBE340207384	MGX_DATA	/projects/b1042/HartmannLab/jack/balf_amplicon_microbiome/raw_fastq/RawFastq/1027BAL00_TUBE340207384_S115_R1_001.fastq.gz	/projects/b1042/HartmannLab/jack/balf_amplicon_microbiome/raw_fastq/RawFastq/1027BAL00_TUBE340207384_S115_R2_001.fastq.gz
1028BAL00_TUBE340207330	MGX_DATA	/projects/b1042/HartmannLab/jack/balf_amplicon_microbiome/raw_fastq/RawFastq/1028BAL00_TUBE340207330_S14_R1_001.fastq.gz	/projects/b1042/HartmannLab/jack/balf_amplicon_microbiome/raw_fastq/RawFastq/1028BAL00_TUBE340207330_S14_R2_001.fastq.gz
1029BAL00_TUBE340201180	MGX_DATA	/projects/b1042/HartmannLab/jack/balf_amplicon_microbiome/raw_fastq/RawFastq/1029BAL00_TUBE340201180_S13_R1_001.fastq.gz	/projects/b1042/HartmannLab/jack/balf_amplicon_microbiome/raw_fastq/RawFastq/1029BAL00_TUBE340201180_S13_R2_001.fastq.gz
1030BAL00_TUBE340201219	MGX_DATA	/projects/b1042/HartmannLab/jack/balf_amplicon_microbiome/raw_fastq/RawFastq/1030BAL00_TUBE340201219_S15_R1_001.fastq.gz	/projects/b1042/HartmannLab/jack/balf_amplicon_microbiome/raw_fastq/RawFastq/1030BAL00_TUBE340201219_S15_R2_001.fastq.gz
1031BAL00_TUBE340201216	MGX_DATA	/projects/b1042/HartmannLab/jack/balf_amplicon_microbiome/raw_fastq/RawFastq/1031BAL00_TUBE340201216_S116_R1_001.fastq.gz	/projects/b1042/HartmannLab/jack/balf_amplicon_microbiome/raw_fastq/RawFastq/1031BAL00_TUBE340201216_S116_R2_001.fastq.gz
1032BAL00_TUBE340201241	MGX_DATA	/projects/b1042/HartmannLab/jack/balf_amplicon_microbiome/raw_fastq/RawFastq/1032BAL00_TUBE340201241_S117_R1_001.fastq.gz	/projects/b1042/HartmannLab/jack/balf_amplicon_microbiome/raw_fastq/RawFastq/1032BAL00_TUBE340201241_S117_R2_001.fastq.gz
1032BAL13_TUBE340201175	MGX_DATA	/projects/b1042/HartmannLab/jack/balf_amplicon_microbiome/raw_fastq/RawFastq/1032BAL13_TUBE340201175_S18_R1_001.fastq.gz	/projects/b1042/HartmannLab/jack/balf_amplicon_microbiome/raw_fastq/RawFastq/1032BAL13_TUBE340201175_S18_R2_001.fastq.gz
1033BAL00_TUBE340235377	MGX_DATA	/projects/b1042/HartmannLab/jack/balf_amplicon_microbiome/raw_fastq/RawFastq/1033BAL00_TUBE340235377_S118_R1_001.fastq.gz	/projects/b1042/HartmannLab/jack/balf_amplicon_microbiome/raw_fastq/RawFastq/1033BAL00_TUBE340235377_S118_R2_001.fastq.gz
1033BAL36_TUBE340201204	MGX_DATA	/projects/b1042/HartmannLab/jack/balf_amplicon_microbiome/raw_fastq/RawFastq/1033BAL36_TUBE340201204_S26_R1_001.fastq.gz	/projects/b1042/HartmannLab/jack/balf_amplicon_microbiome/raw_fastq/RawFastq/1033BAL36_TUBE340201204_S26_R2_001.fastq.gz
1034BAL00_TUBE340199415	MGX_DATA	/projects/b1042/HartmannLab/jack/balf_amplicon_microbiome/raw_fastq/RawFastq/1034BAL00_TUBE340199415_S16_R1_001.fastq.gz	/projects/b1042/HartmannLab/jack/balf_amplicon_microbiome/raw_fastq/RawFastq/1034BAL00_TUBE340199415_S16_R2_001.fastq.gz
1036BAL00_TUBE304019630	MGX_DATA	/projects/b1042/HartmannLab/jack/balf_amplicon_microbiome/raw_fastq/RawFastq/1036BAL00_TUBE304019630_S145_R1_001.fastq.gz	/projects/b1042/HartmannLab/jack/balf_amplicon_microbiome/raw_fastq/RawFastq/1036BAL00_TUBE304019630_S145_R2_001.fastq.gz
1037BAL00_TUBE340197063	MGX_DATA	/projects/b1042/HartmannLab/jack/balf_amplicon_microbiome/raw_fastq/RawFastq/1037BAL00_TUBE340197063_S119_R1_001.fastq.gz	/projects/b1042/HartmannLab/jack/balf_amplicon_microbiome/raw_fastq/RawFastq/1037BAL00_TUBE340197063_S119_R2_001.fastq.gz
1037BAL03_TUBE340238783	MGX_DATA	/projects/b1042/HartmannLab/jack/balf_amplicon_microbiome/raw_fastq/RawFastq/1037BAL03_TUBE340238783_S19_R1_001.fastq.gz	/projects/b1042/HartmannLab/jack/balf_amplicon_microbiome/raw_fastq/RawFastq/1037BAL03_TUBE340238783_S19_R2_001.fastq.gz
1037BAL07_TUBE340201188	MGX_DATA	/projects/b1042/HartmannLab/jack/balf_amplicon_microbiome/raw_fastq/RawFastq/1037BAL07_TUBE340201188_S120_R1_001.fastq.gz	/projects/b1042/HartmannLab/jack/balf_amplicon_microbiome/raw_fastq/RawFastq/1037BAL07_TUBE340201188_S120_R2_001.fastq.gz
1038BAL00_TUBE304018928	MGX_DATA	/projects/b1042/HartmannLab/jack/balf_amplicon_microbiome/raw_fastq/RawFastq/1038BAL00_TUBE304018928_S144_R1_001.fastq.gz	/projects/b1042/HartmannLab/jack/balf_amplicon_microbiome/raw_fastq/RawFastq/1038BAL00_TUBE304018928_S144_R2_001.fastq.gz
1038BAL15_TUBE340199399	MGX_DATA	/projects/b1042/HartmannLab/jack/balf_amplicon_microbiome/raw_fastq/RawFastq/1038BAL15_TUBE340199399_S127_R1_001.fastq.gz	/projects/b1042/HartmannLab/jack/balf_amplicon_microbiome/raw_fastq/RawFastq/1038BAL15_TUBE340199399_S127_R2_001.fastq.gz
1039BAL00_TUBE340197051	MGX_DATA	/projects/b1042/HartmannLab/jack/balf_amplicon_microbiome/raw_fastq/RawFastq/1039BAL00_TUBE340197051_S121_R1_001.fastq.gz	/projects/b1042/HartmannLab/jack/balf_amplicon_microbiome/raw_fastq/RawFastq/1039BAL00_TUBE340197051_S121_R2_001.fastq.gz
1040BAL00_TUBE340201246	MGX_DATA	/projects/b1042/HartmannLab/jack/balf_amplicon_microbiome/raw_fastq/RawFastq/1040BAL00_TUBE340201246_S20_R1_001.fastq.gz	/projects/b1042/HartmannLab/jack/balf_amplicon_microbiome/raw_fastq/RawFastq/1040BAL00_TUBE340201246_S20_R2_001.fastq.gz
1041BAL00_TUBE340236798	MGX_DATA	/projects/b1042/HartmannLab/jack/balf_amplicon_microbiome/raw_fastq/RawFastq/1041BAL00_TUBE340236798_S122_R1_001.fastq.gz	/projects/b1042/HartmannLab/jack/balf_amplicon_microbiome/raw_fastq/RawFastq/1041BAL00_TUBE340236798_S122_R2_001.fastq.gz
1041BAL06_TUBE340207326	MGX_DATA	/projects/b1042/HartmannLab/jack/balf_amplicon_microbiome/raw_fastq/RawFastq/1041BAL06_TUBE340207326_S123_R1_001.fastq.gz	/projects/b1042/HartmannLab/jack/balf_amplicon_microbiome/raw_fastq/RawFastq/1041BAL06_TUBE340207326_S123_R2_001.fastq.gz
1042BAL08_TUBE340207375	MGX_DATA	/projects/b1042/HartmannLab/jack/balf_amplicon_microbiome/raw_fastq/RawFastq/1042BAL08_TUBE340207375_S124_R1_001.fastq.gz	/projects/b1042/HartmannLab/jack/balf_amplicon_microbiome/raw_fastq/RawFastq/1042BAL08_TUBE340207375_S124_R2_001.fastq.gz
1042BAL14_TUBE340199355	MGX_DATA	/projects/b1042/HartmannLab/jack/balf_amplicon_microbiome/raw_fastq/RawFastq/1042BAL14_TUBE340199355_S27_R1_001.fastq.gz	/projects/b1042/HartmannLab/jack/balf_amplicon_microbiome/raw_fastq/RawFastq/1042BAL14_TUBE340199355_S27_R2_001.fastq.gz
1043BAL00_TUBE304017184	MGX_DATA	/projects/b1042/HartmannLab/jack/balf_amplicon_microbiome/raw_fastq/RawFastq/1043BAL00_TUBE304017184_S147_R1_001.fastq.gz	/projects/b1042/HartmannLab/jack/balf_amplicon_microbiome/raw_fastq/RawFastq/1043BAL00_TUBE304017184_S147_R2_001.fastq.gz
1044BAL00_TUBE340238477	MGX_DATA	/projects/b1042/HartmannLab/jack/balf_amplicon_microbiome/raw_fastq/RawFastq/1044BAL00_TUBE340238477_S23_R1_001.fastq.gz	/projects/b1042/HartmannLab/jack/balf_amplicon_microbiome/raw_fastq/RawFastq/1044BAL00_TUBE340238477_S23_R2_001.fastq.gz
1045BAL00_TUBE340199359	MGX_DATA	/projects/b1042/HartmannLab/jack/balf_amplicon_microbiome/raw_fastq/RawFastq/1045BAL00_TUBE340199359_S125_R1_001.fastq.gz	/projects/b1042/HartmannLab/jack/balf_amplicon_microbiome/raw_fastq/RawFastq/1045BAL00_TUBE340199359_S125_R2_001.fastq.gz
1045BAL03_TUBE340207324	MGX_DATA	/projects/b1042/HartmannLab/jack/balf_amplicon_microbiome/raw_fastq/RawFastq/1045BAL03_TUBE340207324_S24_R1_001.fastq.gz	/projects/b1042/HartmannLab/jack/balf_amplicon_microbiome/raw_fastq/RawFastq/1045BAL03_TUBE340207324_S24_R2_001.fastq.gz
1045BAL07_TUBE340201250	MGX_DATA	/projects/b1042/HartmannLab/jack/balf_amplicon_microbiome/raw_fastq/RawFastq/1045BAL07_TUBE340201250_S28_R1_001.fastq.gz	/projects/b1042/HartmannLab/jack/balf_amplicon_microbiome/raw_fastq/RawFastq/1045BAL07_TUBE340201250_S28_R2_001.fastq.gz
1046BAL00_TUBE340201197	MGX_DATA	/projects/b1042/HartmannLab/jack/balf_amplicon_microbiome/raw_fastq/RawFastq/1046BAL00_TUBE340201197_S126_R1_001.fastq.gz	/projects/b1042/HartmannLab/jack/balf_amplicon_microbiome/raw_fastq/RawFastq/1046BAL00_TUBE340201197_S126_R2_001.fastq.gz
1047BAL00_TUBE340207363	MGX_DATA	/projects/b1042/HartmannLab/jack/balf_amplicon_microbiome/raw_fastq/RawFastq/1047BAL00_TUBE340207363_S25_R1_001.fastq.gz	/projects/b1042/HartmannLab/jack/balf_amplicon_microbiome/raw_fastq/RawFastq/1047BAL00_TUBE340207363_S25_R2_001.fastq.gz
1048BAL00_TUBE340199401	MGX_DATA	/projects/b1042/HartmannLab/jack/balf_amplicon_microbiome/raw_fastq/RawFastq/1048BAL00_TUBE340199401_S128_R1_001.fastq.gz	/projects/b1042/HartmannLab/jack/balf_amplicon_microbiome/raw_fastq/RawFastq/1048BAL00_TUBE340199401_S128_R2_001.fastq.gz
1049BAL00_TUBE340235369	MGX_DATA	/projects/b1042/HartmannLab/jack/balf_amplicon_microbiome/raw_fastq/RawFastq/1049BAL00_TUBE340235369_S29_R1_001.fastq.gz	/projects/b1042/HartmannLab/jack/balf_amplicon_microbiome/raw_fastq/RawFastq/1049BAL00_TUBE340235369_S29_R2_001.fastq.gz
1049BAL04_TUBE340201201	MGX_DATA	/projects/b1042/HartmannLab/jack/balf_amplicon_microbiome/raw_fastq/RawFastq/1049BAL04_TUBE340201201_S30_R1_001.fastq.gz	/projects/b1042/HartmannLab/jack/balf_amplicon_microbiome/raw_fastq/RawFastq/1049BAL04_TUBE340201201_S30_R2_001.fastq.gz
1049BAL23_TUBE340207367	MGX_DATA	/projects/b1042/HartmannLab/jack/balf_amplicon_microbiome/raw_fastq/RawFastq/1049BAL23_TUBE340207367_S31_R1_001.fastq.gz	/projects/b1042/HartmannLab/jack/balf_amplicon_microbiome/raw_fastq/RawFastq/1049BAL23_TUBE340207367_S31_R2_001.fastq.gz
1049BAL31_TUBE304019632	MGX_DATA	/projects/b1042/HartmannLab/jack/balf_amplicon_microbiome/raw_fastq/RawFastq/1049BAL31_TUBE304019632_S43_R1_001.fastq.gz	/projects/b1042/HartmannLab/jack/balf_amplicon_microbiome/raw_fastq/RawFastq/1049BAL31_TUBE304019632_S43_R2_001.fastq.gz
1050BAL00_TUBE340238785	MGX_DATA	/projects/b1042/HartmannLab/jack/balf_amplicon_microbiome/raw_fastq/RawFastq/1050BAL00_TUBE340238785_S129_R1_001.fastq.gz	/projects/b1042/HartmannLab/jack/balf_amplicon_microbiome/raw_fastq/RawFastq/1050BAL00_TUBE340238785_S129_R2_001.fastq.gz
1050BAL10_TUBE340201206	MGX_DATA	/projects/b1042/HartmannLab/jack/balf_amplicon_microbiome/raw_fastq/RawFastq/1050BAL10_TUBE340201206_S130_R1_001.fastq.gz	/projects/b1042/HartmannLab/jack/balf_amplicon_microbiome/raw_fastq/RawFastq/1050BAL10_TUBE340201206_S130_R2_001.fastq.gz
1051BAL00_TUBE340207397	MGX_DATA	/projects/b1042/HartmannLab/jack/balf_amplicon_microbiome/raw_fastq/RawFastq/1051BAL00_TUBE340207397_S131_R1_001.fastq.gz	/projects/b1042/HartmannLab/jack/balf_amplicon_microbiome/raw_fastq/RawFastq/1051BAL00_TUBE340207397_S131_R2_001.fastq.gz
1052BAL00_TUBE340201190	MGX_DATA	/projects/b1042/HartmannLab/jack/balf_amplicon_microbiome/raw_fastq/RawFastq/1052BAL00_TUBE340201190_S132_R1_001.fastq.gz	/projects/b1042/HartmannLab/jack/balf_amplicon_microbiome/raw_fastq/RawFastq/1052BAL00_TUBE340201190_S132_R2_001.fastq.gz
1053BAL00_TUBE340201244	MGX_DATA	/projects/b1042/HartmannLab/jack/balf_amplicon_microbiome/raw_fastq/RawFastq/1053BAL00_TUBE340201244_S32_R1_001.fastq.gz	/projects/b1042/HartmannLab/jack/balf_amplicon_microbiome/raw_fastq/RawFastq/1053BAL00_TUBE340201244_S32_R2_001.fastq.gz
1055BAL00_TUBE340201174	MGX_DATA	/projects/b1042/HartmannLab/jack/balf_amplicon_microbiome/raw_fastq/RawFastq/1055BAL00_TUBE340201174_S133_R1_001.fastq.gz	/projects/b1042/HartmannLab/jack/balf_amplicon_microbiome/raw_fastq/RawFastq/1055BAL00_TUBE340201174_S133_R2_001.fastq.gz
1056BAL00_TUBE304018465	MGX_DATA	/projects/b1042/HartmannLab/jack/balf_amplicon_microbiome/raw_fastq/RawFastq/1056BAL00_TUBE304018465_S44_R1_001.fastq.gz	/projects/b1042/HartmannLab/jack/balf_amplicon_microbiome/raw_fastq/RawFastq/1056BAL00_TUBE304018465_S44_R2_001.fastq.gz
1057BAL00_TUBE340201177	MGX_DATA	/projects/b1042/HartmannLab/jack/balf_amplicon_microbiome/raw_fastq/RawFastq/1057BAL00_TUBE340201177_S134_R1_001.fastq.gz	/projects/b1042/HartmannLab/jack/balf_amplicon_microbiome/raw_fastq/RawFastq/1057BAL00_TUBE340201177_S134_R2_001.fastq.gz
1058BAL00_TUBE340207408	MGX_DATA	/projects/b1042/HartmannLab/jack/balf_amplicon_microbiome/raw_fastq/RawFastq/1058BAL00_TUBE340207408_S135_R1_001.fastq.gz	/projects/b1042/HartmannLab/jack/balf_amplicon_microbiome/raw_fastq/RawFastq/1058BAL00_TUBE340207408_S135_R2_001.fastq.gz
1059BAL00_TUBE304025745	MGX_DATA	/projects/b1042/HartmannLab/jack/balf_amplicon_microbiome/raw_fastq/RawFastq/1059BAL00_TUBE304025745_S146_R1_001.fastq.gz	/projects/b1042/HartmannLab/jack/balf_amplicon_microbiome/raw_fastq/RawFastq/1059BAL00_TUBE304025745_S146_R2_001.fastq.gz
1060BAL03_TUBE340201195	MGX_DATA	/projects/b1042/HartmannLab/jack/balf_amplicon_microbiome/raw_fastq/RawFastq/1060BAL03_TUBE340201195_S35_R1_001.fastq.gz	/projects/b1042/HartmannLab/jack/balf_amplicon_microbiome/raw_fastq/RawFastq/1060BAL03_TUBE340201195_S35_R2_001.fastq.gz
1061BAL00_TUBE340201199	MGX_DATA	/projects/b1042/HartmannLab/jack/balf_amplicon_microbiome/raw_fastq/RawFastq/1061BAL00_TUBE340201199_S137_R1_001.fastq.gz	/projects/b1042/HartmannLab/jack/balf_amplicon_microbiome/raw_fastq/RawFastq/1061BAL00_TUBE340201199_S137_R2_001.fastq.gz
1061BAL08_TUBE340235408	MGX_DATA	/projects/b1042/HartmannLab/jack/balf_amplicon_microbiome/raw_fastq/RawFastq/1061BAL08_TUBE340235408_S140_R1_001.fastq.gz	/projects/b1042/HartmannLab/jack/balf_amplicon_microbiome/raw_fastq/RawFastq/1061BAL08_TUBE340235408_S140_R2_001.fastq.gz
1062BAL00_TUBE340195085	MGX_DATA	/projects/b1042/HartmannLab/jack/balf_amplicon_microbiome/raw_fastq/RawFastq/1062BAL00_TUBE340195085_S36_R1_001.fastq.gz	/projects/b1042/HartmannLab/jack/balf_amplicon_microbiome/raw_fastq/RawFastq/1062BAL00_TUBE340195085_S36_R2_001.fastq.gz
1063BAL00_TUBE340199402	MGX_DATA	/projects/b1042/HartmannLab/jack/balf_amplicon_microbiome/raw_fastq/RawFastq/1063BAL00_TUBE340199402_S138_R1_001.fastq.gz	/projects/b1042/HartmannLab/jack/balf_amplicon_microbiome/raw_fastq/RawFastq/1063BAL00_TUBE340199402_S138_R2_001.fastq.gz
1063BAL15_TUBE340199398	MGX_DATA	/projects/b1042/HartmannLab/jack/balf_amplicon_microbiome/raw_fastq/RawFastq/1063BAL15_TUBE340199398_S143_R1_001.fastq.gz	/projects/b1042/HartmannLab/jack/balf_amplicon_microbiome/raw_fastq/RawFastq/1063BAL15_TUBE340199398_S143_R2_001.fastq.gz
1064BAL00_TUBE340199356	MGX_DATA	/projects/b1042/HartmannLab/jack/balf_amplicon_microbiome/raw_fastq/RawFastq/1064BAL00_TUBE340199356_S139_R1_001.fastq.gz	/projects/b1042/HartmannLab/jack/balf_amplicon_microbiome/raw_fastq/RawFastq/1064BAL00_TUBE340199356_S139_R2_001.fastq.gz
1065BAL00_TUBE340238737	MGX_DATA	/projects/b1042/HartmannLab/jack/balf_amplicon_microbiome/raw_fastq/RawFastq/1065BAL00_TUBE340238737_S141_R1_001.fastq.gz	/projects/b1042/HartmannLab/jack/balf_amplicon_microbiome/raw_fastq/RawFastq/1065BAL00_TUBE340238737_S141_R2_001.fastq.gz
1065BAL18_TUBE304020108	MGX_DATA	/projects/b1042/HartmannLab/jack/balf_amplicon_microbiome/raw_fastq/RawFastq/1065BAL18_TUBE304020108_S148_R1_001.fastq.gz	/projects/b1042/HartmannLab/jack/balf_amplicon_microbiome/raw_fastq/RawFastq/1065BAL18_TUBE304020108_S148_R2_001.fastq.gz
1066BAL00_TUBE340201229	MGX_DATA	/projects/b1042/HartmannLab/jack/balf_amplicon_microbiome/raw_fastq/RawFastq/1066BAL00_TUBE340201229_S37_R1_001.fastq.gz	/projects/b1042/HartmannLab/jack/balf_amplicon_microbiome/raw_fastq/RawFastq/1066BAL00_TUBE340201229_S37_R2_001.fastq.gz
1067BAL00_TUBE340197057	MGX_DATA	/projects/b1042/HartmannLab/jack/balf_amplicon_microbiome/raw_fastq/RawFastq/1067BAL00_TUBE340197057_S38_R1_001.fastq.gz	/projects/b1042/HartmannLab/jack/balf_amplicon_microbiome/raw_fastq/RawFastq/1067BAL00_TUBE340197057_S38_R2_001.fastq.gz
1068BAL00_TUBE340201194	MGX_DATA	/projects/b1042/HartmannLab/jack/balf_amplicon_microbiome/raw_fastq/RawFastq/1068BAL00_TUBE340201194_S142_R1_001.fastq.gz	/projects/b1042/HartmannLab/jack/balf_amplicon_microbiome/raw_fastq/RawFastq/1068BAL00_TUBE340201194_S142_R2_001.fastq.gz
1069BAL00_TUBE340201202	MGX_DATA	/projects/b1042/HartmannLab/jack/balf_amplicon_microbiome/raw_fastq/RawFastq/1069BAL00_TUBE340201202_S39_R1_001.fastq.gz	/projects/b1042/HartmannLab/jack/balf_amplicon_microbiome/raw_fastq/RawFastq/1069BAL00_TUBE340201202_S39_R2_001.fastq.gz
1070BAL00_TUBE340199358	MGX_DATA	/projects/b1042/HartmannLab/jack/balf_amplicon_microbiome/raw_fastq/RawFastq/1070BAL00_TUBE340199358_S40_R1_001.fastq.gz	/projects/b1042/HartmannLab/jack/balf_amplicon_microbiome/raw_fastq/RawFastq/1070BAL00_TUBE340199358_S40_R2_001.fastq.gz
1071BAL00_TUBE340207332	MGX_DATA	/projects/b1042/HartmannLab/jack/balf_amplicon_microbiome/raw_fastq/RawFastq/1071BAL00_TUBE340207332_S41_R1_001.fastq.gz	/projects/b1042/HartmannLab/jack/balf_amplicon_microbiome/raw_fastq/RawFastq/1071BAL00_TUBE340207332_S41_R2_001.fastq.gz
1072BAL00_TUBE304020777	MGX_DATA	/projects/b1042/HartmannLab/jack/balf_amplicon_microbiome/raw_fastq/RawFastq/1072BAL00_TUBE304020777_S149_R1_001.fastq.gz	/projects/b1042/HartmannLab/jack/balf_amplicon_microbiome/raw_fastq/RawFastq/1072BAL00_TUBE304020777_S149_R2_001.fastq.gz
1073BAL00_TUBE340197058	MGX_DATA	/projects/b1042/HartmannLab/jack/balf_amplicon_microbiome/raw_fastq/RawFastq/1073BAL00_TUBE340197058_S42_R1_001.fastq.gz	/projects/b1042/HartmannLab/jack/balf_amplicon_microbiome/raw_fastq/RawFastq/1073BAL00_TUBE340197058_S42_R2_001.fastq.gz
1074BAL00_TUBE368524100	MGX_DATA	/projects/b1042/HartmannLab/jack/balf_amplicon_microbiome/raw_fastq/RawFastq/1074BAL00_TUBE368524100_S72_R1_001.fastq.gz	/projects/b1042/HartmannLab/jack/balf_amplicon_microbiome/raw_fastq/RawFastq/1074BAL00_TUBE368524100_S72_R2_001.fastq.gz
1075BAL00_TUBE368506171	MGX_DATA	/projects/b1042/HartmannLab/jack/balf_amplicon_microbiome/raw_fastq/RawFastq/1075BAL00_TUBE368506171_S73_R1_001.fastq.gz	/projects/b1042/HartmannLab/jack/balf_amplicon_microbiome/raw_fastq/RawFastq/1075BAL00_TUBE368506171_S73_R2_001.fastq.gz
1076BAL00_TUBE340239803	MGX_DATA	/projects/b1042/HartmannLab/jack/balf_amplicon_microbiome/raw_fastq/RawFastq/1076BAL00_TUBE340239803_S172_R1_001.fastq.gz	/projects/b1042/HartmannLab/jack/balf_amplicon_microbiome/raw_fastq/RawFastq/1076BAL00_TUBE340239803_S172_R2_001.fastq.gz
1077BAL00_TUBE368506164	MGX_DATA	/projects/b1042/HartmannLab/jack/balf_amplicon_microbiome/raw_fastq/RawFastq/1077BAL00_TUBE368506164_S260_R1_001.fastq.gz	/projects/b1042/HartmannLab/jack/balf_amplicon_microbiome/raw_fastq/RawFastq/1077BAL00_TUBE368506164_S260_R2_001.fastq.gz
1077BAL06_TUBE368506201	MGX_DATA	/projects/b1042/HartmannLab/jack/balf_amplicon_microbiome/raw_fastq/RawFastq/1077BAL06_TUBE368506201_S270_R1_001.fastq.gz	/projects/b1042/HartmannLab/jack/balf_amplicon_microbiome/raw_fastq/RawFastq/1077BAL06_TUBE368506201_S270_R2_001.fastq.gz
1078BAL00_TUBE340233910	MGX_DATA	/projects/b1042/HartmannLab/jack/balf_amplicon_microbiome/raw_fastq/RawFastq/1078BAL00_TUBE340233910_S171_R1_001.fastq.gz	/projects/b1042/HartmannLab/jack/balf_amplicon_microbiome/raw_fastq/RawFastq/1078BAL00_TUBE340233910_S171_R2_001.fastq.gz
1079BAL00_TUBE340207321	MGX_DATA	/projects/b1042/HartmannLab/jack/balf_amplicon_microbiome/raw_fastq/RawFastq/1079BAL00_TUBE340207321_S74_R1_001.fastq.gz	/projects/b1042/HartmannLab/jack/balf_amplicon_microbiome/raw_fastq/RawFastq/1079BAL00_TUBE340207321_S74_R2_001.fastq.gz
1080BAL00_TUBE368507073	MGX_DATA	/projects/b1042/HartmannLab/jack/balf_amplicon_microbiome/raw_fastq/RawFastq/1080BAL00_TUBE368507073_S75_R1_001.fastq.gz	/projects/b1042/HartmannLab/jack/balf_amplicon_microbiome/raw_fastq/RawFastq/1080BAL00_TUBE368507073_S75_R2_001.fastq.gz
1081BAL00_TUBE368506139	MGX_DATA	/projects/b1042/HartmannLab/jack/balf_amplicon_microbiome/raw_fastq/RawFastq/1081BAL00_TUBE368506139_S170_R1_001.fastq.gz	/projects/b1042/HartmannLab/jack/balf_amplicon_microbiome/raw_fastq/RawFastq/1081BAL00_TUBE368506139_S170_R2_001.fastq.gz
1081BAL07_TUBE368507079	MGX_DATA	/projects/b1042/HartmannLab/jack/balf_amplicon_microbiome/raw_fastq/RawFastq/1081BAL07_TUBE368507079_S259_R1_001.fastq.gz	/projects/b1042/HartmannLab/jack/balf_amplicon_microbiome/raw_fastq/RawFastq/1081BAL07_TUBE368507079_S259_R2_001.fastq.gz
1081BAL14_TUBE368524097	MGX_DATA	/projects/b1042/HartmannLab/jack/balf_amplicon_microbiome/raw_fastq/RawFastq/1081BAL14_TUBE368524097_S268_R1_001.fastq.gz	/projects/b1042/HartmannLab/jack/balf_amplicon_microbiome/raw_fastq/RawFastq/1081BAL14_TUBE368524097_S268_R2_001.fastq.gz
1081BAL36_TUBE368524153	MGX_DATA	/projects/b1042/HartmannLab/jack/balf_amplicon_microbiome/raw_fastq/RawFastq/1081BAL36_TUBE368524153_S258_R1_001.fastq.gz	/projects/b1042/HartmannLab/jack/balf_amplicon_microbiome/raw_fastq/RawFastq/1081BAL36_TUBE368524153_S258_R2_001.fastq.gz
1082BAL00_TUBE368510455	MGX_DATA	/projects/b1042/HartmannLab/jack/balf_amplicon_microbiome/raw_fastq/RawFastq/1082BAL00_TUBE368510455_S76_R1_001.fastq.gz	/projects/b1042/HartmannLab/jack/balf_amplicon_microbiome/raw_fastq/RawFastq/1082BAL00_TUBE368510455_S76_R2_001.fastq.gz
1082BAL04_TUBE368506156	MGX_DATA	/projects/b1042/HartmannLab/jack/balf_amplicon_microbiome/raw_fastq/RawFastq/1082BAL04_TUBE368506156_S78_R1_001.fastq.gz	/projects/b1042/HartmannLab/jack/balf_amplicon_microbiome/raw_fastq/RawFastq/1082BAL04_TUBE368506156_S78_R2_001.fastq.gz
1083BAL00_TUBE304018536	MGX_DATA	/projects/b1042/HartmannLab/jack/balf_amplicon_microbiome/raw_fastq/RawFastq/1083BAL00_TUBE304018536_S45_R1_001.fastq.gz	/projects/b1042/HartmannLab/jack/balf_amplicon_microbiome/raw_fastq/RawFastq/1083BAL00_TUBE304018536_S45_R2_001.fastq.gz
1084BAL00_TUBE304017201	MGX_DATA	/projects/b1042/HartmannLab/jack/balf_amplicon_microbiome/raw_fastq/RawFastq/1084BAL00_TUBE304017201_S46_R1_001.fastq.gz	/projects/b1042/HartmannLab/jack/balf_amplicon_microbiome/raw_fastq/RawFastq/1084BAL00_TUBE304017201_S46_R2_001.fastq.gz
1084BAL03_TUBE368507043	MGX_DATA	/projects/b1042/HartmannLab/jack/balf_amplicon_microbiome/raw_fastq/RawFastq/1084BAL03_TUBE368507043_S77_R1_001.fastq.gz	/projects/b1042/HartmannLab/jack/balf_amplicon_microbiome/raw_fastq/RawFastq/1084BAL03_TUBE368507043_S77_R2_001.fastq.gz
1085BAL00_TUBE368507075	MGX_DATA	/projects/b1042/HartmannLab/jack/balf_amplicon_microbiome/raw_fastq/RawFastq/1085BAL00_TUBE368507075_S269_R1_001.fastq.gz	/projects/b1042/HartmannLab/jack/balf_amplicon_microbiome/raw_fastq/RawFastq/1085BAL00_TUBE368507075_S269_R2_001.fastq.gz
1086BAL00_TUBE304017199	MGX_DATA	/projects/b1042/HartmannLab/jack/balf_amplicon_microbiome/raw_fastq/RawFastq/1086BAL00_TUBE304017199_S150_R1_001.fastq.gz	/projects/b1042/HartmannLab/jack/balf_amplicon_microbiome/raw_fastq/RawFastq/1086BAL00_TUBE304017199_S150_R2_001.fastq.gz
1086BAL22_TUBE368507051	MGX_DATA	/projects/b1042/HartmannLab/jack/balf_amplicon_microbiome/raw_fastq/RawFastq/1086BAL22_TUBE368507051_S256_R1_001.fastq.gz	/projects/b1042/HartmannLab/jack/balf_amplicon_microbiome/raw_fastq/RawFastq/1086BAL22_TUBE368507051_S256_R2_001.fastq.gz
1087BAL00_TUBE368507053	MGX_DATA	/projects/b1042/HartmannLab/jack/balf_amplicon_microbiome/raw_fastq/RawFastq/1087BAL00_TUBE368507053_S267_R1_001.fastq.gz	/projects/b1042/HartmannLab/jack/balf_amplicon_microbiome/raw_fastq/RawFastq/1087BAL00_TUBE368507053_S267_R2_001.fastq.gz
1088BAL00_TUBE368507059	MGX_DATA	/projects/b1042/HartmannLab/jack/balf_amplicon_microbiome/raw_fastq/RawFastq/1088BAL00_TUBE368507059_S79_R1_001.fastq.gz	/projects/b1042/HartmannLab/jack/balf_amplicon_microbiome/raw_fastq/RawFastq/1088BAL00_TUBE368507059_S79_R2_001.fastq.gz
1089BAL00_TUBE368507039	MGX_DATA	/projects/b1042/HartmannLab/jack/balf_amplicon_microbiome/raw_fastq/RawFastq/1089BAL00_TUBE368507039_S257_R1_001.fastq.gz	/projects/b1042/HartmannLab/jack/balf_amplicon_microbiome/raw_fastq/RawFastq/1089BAL00_TUBE368507039_S257_R2_001.fastq.gz
1090BAL00_TUBE368507032	MGX_DATA	/projects/b1042/HartmannLab/jack/balf_amplicon_microbiome/raw_fastq/RawFastq/1090BAL00_TUBE368507032_S80_R1_001.fastq.gz	/projects/b1042/HartmannLab/jack/balf_amplicon_microbiome/raw_fastq/RawFastq/1090BAL00_TUBE368507032_S80_R2_001.fastq.gz
1091BAL00_TUBE368525717	MGX_DATA	/projects/b1042/HartmannLab/jack/balf_amplicon_microbiome/raw_fastq/RawFastq/1091BAL00_TUBE368525717_S254_R1_001.fastq.gz	/projects/b1042/HartmannLab/jack/balf_amplicon_microbiome/raw_fastq/RawFastq/1091BAL00_TUBE368525717_S254_R2_001.fastq.gz
1092BAL00_TUBE368506200	MGX_DATA	/projects/b1042/HartmannLab/jack/balf_amplicon_microbiome/raw_fastq/RawFastq/1092BAL00_TUBE368506200_S81_R1_001.fastq.gz	/projects/b1042/HartmannLab/jack/balf_amplicon_microbiome/raw_fastq/RawFastq/1092BAL00_TUBE368506200_S81_R2_001.fastq.gz
1093BAL00_TUBE368506221	MGX_DATA	/projects/b1042/HartmannLab/jack/balf_amplicon_microbiome/raw_fastq/RawFastq/1093BAL00_TUBE368506221_S255_R1_001.fastq.gz	/projects/b1042/HartmannLab/jack/balf_amplicon_microbiome/raw_fastq/RawFastq/1093BAL00_TUBE368506221_S255_R2_001.fastq.gz
1094BAL00_TUBE368506227	MGX_DATA	/projects/b1042/HartmannLab/jack/balf_amplicon_microbiome/raw_fastq/RawFastq/1094BAL00_TUBE368506227_S82_R1_001.fastq.gz	/projects/b1042/HartmannLab/jack/balf_amplicon_microbiome/raw_fastq/RawFastq/1094BAL00_TUBE368506227_S82_R2_001.fastq.gz
1095BAL00_TUBE368525482	MGX_DATA	/projects/b1042/HartmannLab/jack/balf_amplicon_microbiome/raw_fastq/RawFastq/1095BAL00_TUBE368525482_S266_R1_001.fastq.gz	/projects/b1042/HartmannLab/jack/balf_amplicon_microbiome/raw_fastq/RawFastq/1095BAL00_TUBE368525482_S266_R2_001.fastq.gz
1096BAL00_TUBE368507024	MGX_DATA	/projects/b1042/HartmannLab/jack/balf_amplicon_microbiome/raw_fastq/RawFastq/1096BAL00_TUBE368507024_S264_R1_001.fastq.gz	/projects/b1042/HartmannLab/jack/balf_amplicon_microbiome/raw_fastq/RawFastq/1096BAL00_TUBE368507024_S264_R2_001.fastq.gz
1097BAL00_TUBE368524087	MGX_DATA	/projects/b1042/HartmannLab/jack/balf_amplicon_microbiome/raw_fastq/RawFastq/1097BAL00_TUBE368524087_S265_R1_001.fastq.gz	/projects/b1042/HartmannLab/jack/balf_amplicon_microbiome/raw_fastq/RawFastq/1097BAL00_TUBE368524087_S265_R2_001.fastq.gz
1098BAL00_TUBE368506167	MGX_DATA	/projects/b1042/HartmannLab/jack/balf_amplicon_microbiome/raw_fastq/RawFastq/1098BAL00_TUBE368506167_S83_R1_001.fastq.gz	/projects/b1042/HartmannLab/jack/balf_amplicon_microbiome/raw_fastq/RawFastq/1098BAL00_TUBE368506167_S83_R2_001.fastq.gz
1098BAL02_TUBE368506163	MGX_DATA	/projects/b1042/HartmannLab/jack/balf_amplicon_microbiome/raw_fastq/RawFastq/1098BAL02_TUBE368506163_S84_R1_001.fastq.gz	/projects/b1042/HartmannLab/jack/balf_amplicon_microbiome/raw_fastq/RawFastq/1098BAL02_TUBE368506163_S84_R2_001.fastq.gz
1099BAL00_TUBE368506160	MGX_DATA	/projects/b1042/HartmannLab/jack/balf_amplicon_microbiome/raw_fastq/RawFastq/1099BAL00_TUBE368506160_S263_R1_001.fastq.gz	/projects/b1042/HartmannLab/jack/balf_amplicon_microbiome/raw_fastq/RawFastq/1099BAL00_TUBE368506160_S263_R2_001.fastq.gz
1100BAL00_TUBE368506151	MGX_DATA	/projects/b1042/HartmannLab/jack/balf_amplicon_microbiome/raw_fastq/RawFastq/1100BAL00_TUBE368506151_S85_R1_001.fastq.gz	/projects/b1042/HartmannLab/jack/balf_amplicon_microbiome/raw_fastq/RawFastq/1100BAL00_TUBE368506151_S85_R2_001.fastq.gz
1101BAL00_TUBE368524143	MGX_DATA	/projects/b1042/HartmannLab/jack/balf_amplicon_microbiome/raw_fastq/RawFastq/1101BAL00_TUBE368524143_S261_R1_001.fastq.gz	/projects/b1042/HartmannLab/jack/balf_amplicon_microbiome/raw_fastq/RawFastq/1101BAL00_TUBE368524143_S261_R2_001.fastq.gz
1102BAL00_TUBE368507047	MGX_DATA	/projects/b1042/HartmannLab/jack/balf_amplicon_microbiome/raw_fastq/RawFastq/1102BAL00_TUBE368507047_S262_R1_001.fastq.gz	/projects/b1042/HartmannLab/jack/balf_amplicon_microbiome/raw_fastq/RawFastq/1102BAL00_TUBE368507047_S262_R2_001.fastq.gz
1103BAL00_TUBE304020767	MGX_DATA	/projects/b1042/HartmannLab/jack/balf_amplicon_microbiome/raw_fastq/RawFastq/1103BAL00_TUBE304020767_S160_R1_001.fastq.gz	/projects/b1042/HartmannLab/jack/balf_amplicon_microbiome/raw_fastq/RawFastq/1103BAL00_TUBE304020767_S160_R2_001.fastq.gz
1104BAL00_TUBE304025689	MGX_DATA	/projects/b1042/HartmannLab/jack/balf_amplicon_microbiome/raw_fastq/RawFastq/1104BAL00_TUBE304025689_S47_R1_001.fastq.gz	/projects/b1042/HartmannLab/jack/balf_amplicon_microbiome/raw_fastq/RawFastq/1104BAL00_TUBE304025689_S47_R2_001.fastq.gz
1105BAL00_TUBE304011945	MGX_DATA	/projects/b1042/HartmannLab/jack/balf_amplicon_microbiome/raw_fastq/RawFastq/1105BAL00_TUBE304011945_S159_R1_001.fastq.gz	/projects/b1042/HartmannLab/jack/balf_amplicon_microbiome/raw_fastq/RawFastq/1105BAL00_TUBE304011945_S159_R2_001.fastq.gz
1106BAL00_TUBE304018077	MGX_DATA	/projects/b1042/HartmannLab/jack/balf_amplicon_microbiome/raw_fastq/RawFastq/1106BAL00_TUBE304018077_S48_R1_001.fastq.gz	/projects/b1042/HartmannLab/jack/balf_amplicon_microbiome/raw_fastq/RawFastq/1106BAL00_TUBE304018077_S48_R2_001.fastq.gz
1107BAL00_TUBE304016601	MGX_DATA	/projects/b1042/HartmannLab/jack/balf_amplicon_microbiome/raw_fastq/RawFastq/1107BAL00_TUBE304016601_S158_R1_001.fastq.gz	/projects/b1042/HartmannLab/jack/balf_amplicon_microbiome/raw_fastq/RawFastq/1107BAL00_TUBE304016601_S158_R2_001.fastq.gz
1108BAL00_TUBE304017115	MGX_DATA	/projects/b1042/HartmannLab/jack/balf_amplicon_microbiome/raw_fastq/RawFastq/1108BAL00_TUBE304017115_S156_R1_001.fastq.gz	/projects/b1042/HartmannLab/jack/balf_amplicon_microbiome/raw_fastq/RawFastq/1108BAL00_TUBE304017115_S156_R2_001.fastq.gz
1108BAL02_TUBE304018930	MGX_DATA	/projects/b1042/HartmannLab/jack/balf_amplicon_microbiome/raw_fastq/RawFastq/1108BAL02_TUBE304018930_S161_R1_001.fastq.gz	/projects/b1042/HartmannLab/jack/balf_amplicon_microbiome/raw_fastq/RawFastq/1108BAL02_TUBE304018930_S161_R2_001.fastq.gz
1108BAL08_TUBE304018920	MGX_DATA	/projects/b1042/HartmannLab/jack/balf_amplicon_microbiome/raw_fastq/RawFastq/1108BAL08_TUBE304018920_S175_R1_001.fastq.gz	/projects/b1042/HartmannLab/jack/balf_amplicon_microbiome/raw_fastq/RawFastq/1108BAL08_TUBE304018920_S175_R2_001.fastq.gz
1108BAL14_TUBE304018914	MGX_DATA	/projects/b1042/HartmannLab/jack/balf_amplicon_microbiome/raw_fastq/RawFastq/1108BAL14_TUBE304018914_S164_R1_001.fastq.gz	/projects/b1042/HartmannLab/jack/balf_amplicon_microbiome/raw_fastq/RawFastq/1108BAL14_TUBE304018914_S164_R2_001.fastq.gz
1108BAL23_TUBE304011946	MGX_DATA	/projects/b1042/HartmannLab/jack/balf_amplicon_microbiome/raw_fastq/RawFastq/1108BAL23_TUBE304011946_S166_R1_001.fastq.gz	/projects/b1042/HartmannLab/jack/balf_amplicon_microbiome/raw_fastq/RawFastq/1108BAL23_TUBE304011946_S166_R2_001.fastq.gz
1109BAL00_TUBE304018894	MGX_DATA	/projects/b1042/HartmannLab/jack/balf_amplicon_microbiome/raw_fastq/RawFastq/1109BAL00_TUBE304018894_S157_R1_001.fastq.gz	/projects/b1042/HartmannLab/jack/balf_amplicon_microbiome/raw_fastq/RawFastq/1109BAL00_TUBE304018894_S157_R2_001.fastq.gz
1110BAL00_TUBE304015566	MGX_DATA	/projects/b1042/HartmannLab/jack/balf_amplicon_microbiome/raw_fastq/RawFastq/1110BAL00_TUBE304015566_S155_R1_001.fastq.gz	/projects/b1042/HartmannLab/jack/balf_amplicon_microbiome/raw_fastq/RawFastq/1110BAL00_TUBE304015566_S155_R2_001.fastq.gz
1111BAL00_TUBE304020849	MGX_DATA	/projects/b1042/HartmannLab/jack/balf_amplicon_microbiome/raw_fastq/RawFastq/1111BAL00_TUBE304020849_S162_R1_001.fastq.gz	/projects/b1042/HartmannLab/jack/balf_amplicon_microbiome/raw_fastq/RawFastq/1111BAL00_TUBE304020849_S162_R2_001.fastq.gz
1112BAL00_TUBE304020770	MGX_DATA	/projects/b1042/HartmannLab/jack/balf_amplicon_microbiome/raw_fastq/RawFastq/1112BAL00_TUBE304020770_S165_R1_001.fastq.gz	/projects/b1042/HartmannLab/jack/balf_amplicon_microbiome/raw_fastq/RawFastq/1112BAL00_TUBE304020770_S165_R2_001.fastq.gz
1113BAL00_TUBE340236052	MGX_DATA	/projects/b1042/HartmannLab/jack/balf_amplicon_microbiome/raw_fastq/RawFastq/1113BAL00_TUBE340236052_S86_R1_001.fastq.gz	/projects/b1042/HartmannLab/jack/balf_amplicon_microbiome/raw_fastq/RawFastq/1113BAL00_TUBE340236052_S86_R2_001.fastq.gz
1114BAL00_TUBE304020698	MGX_DATA	/projects/b1042/HartmannLab/jack/balf_amplicon_microbiome/raw_fastq/RawFastq/1114BAL00_TUBE304020698_S49_R1_001.fastq.gz	/projects/b1042/HartmannLab/jack/balf_amplicon_microbiome/raw_fastq/RawFastq/1114BAL00_TUBE304020698_S49_R2_001.fastq.gz
1115BAL00_TUBE304015504	MGX_DATA	/projects/b1042/HartmannLab/jack/balf_amplicon_microbiome/raw_fastq/RawFastq/1115BAL00_TUBE304015504_S180_R1_001.fastq.gz	/projects/b1042/HartmannLab/jack/balf_amplicon_microbiome/raw_fastq/RawFastq/1115BAL00_TUBE304015504_S180_R2_001.fastq.gz
1115BAL05_TUBE304019680	MGX_DATA	/projects/b1042/HartmannLab/jack/balf_amplicon_microbiome/raw_fastq/RawFastq/1115BAL05_TUBE304019680_S169_R1_001.fastq.gz	/projects/b1042/HartmannLab/jack/balf_amplicon_microbiome/raw_fastq/RawFastq/1115BAL05_TUBE304019680_S169_R2_001.fastq.gz
1115BAL07_TUBE304019626	MGX_DATA	/projects/b1042/HartmannLab/jack/balf_amplicon_microbiome/raw_fastq/RawFastq/1115BAL07_TUBE304019626_S168_R1_001.fastq.gz	/projects/b1042/HartmannLab/jack/balf_amplicon_microbiome/raw_fastq/RawFastq/1115BAL07_TUBE304019626_S168_R2_001.fastq.gz
1116BAL00_TUBE304020089	MGX_DATA	/projects/b1042/HartmannLab/jack/balf_amplicon_microbiome/raw_fastq/RawFastq/1116BAL00_TUBE304020089_S179_R1_001.fastq.gz	/projects/b1042/HartmannLab/jack/balf_amplicon_microbiome/raw_fastq/RawFastq/1116BAL00_TUBE304020089_S179_R2_001.fastq.gz
1117BAL00_TUBE304018152	MGX_DATA	/projects/b1042/HartmannLab/jack/balf_amplicon_microbiome/raw_fastq/RawFastq/1117BAL00_TUBE304018152_S50_R1_001.fastq.gz	/projects/b1042/HartmannLab/jack/balf_amplicon_microbiome/raw_fastq/RawFastq/1117BAL00_TUBE304018152_S50_R2_001.fastq.gz
1118BAL00_TUBE304018918	MGX_DATA	/projects/b1042/HartmannLab/jack/balf_amplicon_microbiome/raw_fastq/RawFastq/1118BAL00_TUBE304018918_S167_R1_001.fastq.gz	/projects/b1042/HartmannLab/jack/balf_amplicon_microbiome/raw_fastq/RawFastq/1118BAL00_TUBE304018918_S167_R2_001.fastq.gz
1119BAL00_TUBE304020804	MGX_DATA	/projects/b1042/HartmannLab/jack/balf_amplicon_microbiome/raw_fastq/RawFastq/1119BAL00_TUBE304020804_S51_R1_001.fastq.gz	/projects/b1042/HartmannLab/jack/balf_amplicon_microbiome/raw_fastq/RawFastq/1119BAL00_TUBE304020804_S51_R2_001.fastq.gz
1120BAL00_TUBE304011986	MGX_DATA	/projects/b1042/HartmannLab/jack/balf_amplicon_microbiome/raw_fastq/RawFastq/1120BAL00_TUBE304011986_S182_R1_001.fastq.gz	/projects/b1042/HartmannLab/jack/balf_amplicon_microbiome/raw_fastq/RawFastq/1120BAL00_TUBE304011986_S182_R2_001.fastq.gz
1121BAL00_TUBE304019671	MGX_DATA	/projects/b1042/HartmannLab/jack/balf_amplicon_microbiome/raw_fastq/RawFastq/1121BAL00_TUBE304019671_S52_R1_001.fastq.gz	/projects/b1042/HartmannLab/jack/balf_amplicon_microbiome/raw_fastq/RawFastq/1121BAL00_TUBE304019671_S52_R2_001.fastq.gz
1121BAL05_TUBE304019616	MGX_DATA	/projects/b1042/HartmannLab/jack/balf_amplicon_microbiome/raw_fastq/RawFastq/1121BAL05_TUBE304019616_S53_R1_001.fastq.gz	/projects/b1042/HartmannLab/jack/balf_amplicon_microbiome/raw_fastq/RawFastq/1121BAL05_TUBE304019616_S53_R2_001.fastq.gz
1121BAL22_TUBE304015477	MGX_DATA	/projects/b1042/HartmannLab/jack/balf_amplicon_microbiome/raw_fastq/RawFastq/1121BAL22_TUBE304015477_S56_R1_001.fastq.gz	/projects/b1042/HartmannLab/jack/balf_amplicon_microbiome/raw_fastq/RawFastq/1121BAL22_TUBE304015477_S56_R2_001.fastq.gz
1122BAL00_TUBE304019684	MGX_DATA	/projects/b1042/HartmannLab/jack/balf_amplicon_microbiome/raw_fastq/RawFastq/1122BAL00_TUBE304019684_S181_R1_001.fastq.gz	/projects/b1042/HartmannLab/jack/balf_amplicon_microbiome/raw_fastq/RawFastq/1122BAL00_TUBE304019684_S181_R2_001.fastq.gz
1123BAL00_TUBE304015562	MGX_DATA	/projects/b1042/HartmannLab/jack/balf_amplicon_microbiome/raw_fastq/RawFastq/1123BAL00_TUBE304015562_S183_R1_001.fastq.gz	/projects/b1042/HartmannLab/jack/balf_amplicon_microbiome/raw_fastq/RawFastq/1123BAL00_TUBE304015562_S183_R2_001.fastq.gz
1124BAL00_TUBE304018485	MGX_DATA	/projects/b1042/HartmannLab/jack/balf_amplicon_microbiome/raw_fastq/RawFastq/1124BAL00_TUBE304018485_S184_R1_001.fastq.gz	/projects/b1042/HartmannLab/jack/balf_amplicon_microbiome/raw_fastq/RawFastq/1124BAL00_TUBE304018485_S184_R2_001.fastq.gz
1125BAL00_TUBE304025670	MGX_DATA	/projects/b1042/HartmannLab/jack/balf_amplicon_microbiome/raw_fastq/RawFastq/1125BAL00_TUBE304025670_S54_R1_001.fastq.gz	/projects/b1042/HartmannLab/jack/balf_amplicon_microbiome/raw_fastq/RawFastq/1125BAL00_TUBE304025670_S54_R2_001.fastq.gz
1126BAL00_TUBE304018114	MGX_DATA	/projects/b1042/HartmannLab/jack/balf_amplicon_microbiome/raw_fastq/RawFastq/1126BAL00_TUBE304018114_S55_R1_001.fastq.gz	/projects/b1042/HartmannLab/jack/balf_amplicon_microbiome/raw_fastq/RawFastq/1126BAL00_TUBE304018114_S55_R2_001.fastq.gz
1127BAL00_TUBE304020173	MGX_DATA	/projects/b1042/HartmannLab/jack/balf_amplicon_microbiome/raw_fastq/RawFastq/1127BAL00_TUBE304020173_S185_R1_001.fastq.gz	/projects/b1042/HartmannLab/jack/balf_amplicon_microbiome/raw_fastq/RawFastq/1127BAL00_TUBE304020173_S185_R2_001.fastq.gz
1128BAL00_TUBE304020805	MGX_DATA	/projects/b1042/HartmannLab/jack/balf_amplicon_microbiome/raw_fastq/RawFastq/1128BAL00_TUBE304020805_S186_R1_001.fastq.gz	/projects/b1042/HartmannLab/jack/balf_amplicon_microbiome/raw_fastq/RawFastq/1128BAL00_TUBE304020805_S186_R2_001.fastq.gz
1128BAL08_TUBE304020140	MGX_DATA	/projects/b1042/HartmannLab/jack/balf_amplicon_microbiome/raw_fastq/RawFastq/1128BAL08_TUBE304020140_S188_R1_001.fastq.gz	/projects/b1042/HartmannLab/jack/balf_amplicon_microbiome/raw_fastq/RawFastq/1128BAL08_TUBE304020140_S188_R2_001.fastq.gz
1129BAL00_TUBE304018897	MGX_DATA	/projects/b1042/HartmannLab/jack/balf_amplicon_microbiome/raw_fastq/RawFastq/1129BAL00_TUBE304018897_S187_R1_001.fastq.gz	/projects/b1042/HartmannLab/jack/balf_amplicon_microbiome/raw_fastq/RawFastq/1129BAL00_TUBE304018897_S187_R2_001.fastq.gz
1129BAL14_TUBE304020778	MGX_DATA	/projects/b1042/HartmannLab/jack/balf_amplicon_microbiome/raw_fastq/RawFastq/1129BAL14_TUBE304020778_S193_R1_001.fastq.gz	/projects/b1042/HartmannLab/jack/balf_amplicon_microbiome/raw_fastq/RawFastq/1129BAL14_TUBE304020778_S193_R2_001.fastq.gz
1130BAL00_TUBE304020829	MGX_DATA	/projects/b1042/HartmannLab/jack/balf_amplicon_microbiome/raw_fastq/RawFastq/1130BAL00_TUBE304020829_S189_R1_001.fastq.gz	/projects/b1042/HartmannLab/jack/balf_amplicon_microbiome/raw_fastq/RawFastq/1130BAL00_TUBE304020829_S189_R2_001.fastq.gz
1131BAL00_TUBE304017181	MGX_DATA	/projects/b1042/HartmannLab/jack/balf_amplicon_microbiome/raw_fastq/RawFastq/1131BAL00_TUBE304017181_S57_R1_001.fastq.gz	/projects/b1042/HartmannLab/jack/balf_amplicon_microbiome/raw_fastq/RawFastq/1131BAL00_TUBE304017181_S57_R2_001.fastq.gz
1132BAL00_TUBE304020747	MGX_DATA	/projects/b1042/HartmannLab/jack/balf_amplicon_microbiome/raw_fastq/RawFastq/1132BAL00_TUBE304020747_S191_R1_001.fastq.gz	/projects/b1042/HartmannLab/jack/balf_amplicon_microbiome/raw_fastq/RawFastq/1132BAL00_TUBE304020747_S191_R2_001.fastq.gz
1132BAL01_TUBE304020835	MGX_DATA	/projects/b1042/HartmannLab/jack/balf_amplicon_microbiome/raw_fastq/RawFastq/1132BAL01_TUBE304020835_S192_R1_001.fastq.gz	/projects/b1042/HartmannLab/jack/balf_amplicon_microbiome/raw_fastq/RawFastq/1132BAL01_TUBE304020835_S192_R2_001.fastq.gz
1133BAL00_TUBE304020800	MGX_DATA	/projects/b1042/HartmannLab/jack/balf_amplicon_microbiome/raw_fastq/RawFastq/1133BAL00_TUBE304020800_S190_R1_001.fastq.gz	/projects/b1042/HartmannLab/jack/balf_amplicon_microbiome/raw_fastq/RawFastq/1133BAL00_TUBE304020800_S190_R2_001.fastq.gz
1134BAL00_TUBE304018160	MGX_DATA	/projects/b1042/HartmannLab/jack/balf_amplicon_microbiome/raw_fastq/RawFastq/1134BAL00_TUBE304018160_S58_R1_001.fastq.gz	/projects/b1042/HartmannLab/jack/balf_amplicon_microbiome/raw_fastq/RawFastq/1134BAL00_TUBE304018160_S58_R2_001.fastq.gz
1135BAL00_TUBE304020796	MGX_DATA	/projects/b1042/HartmannLab/jack/balf_amplicon_microbiome/raw_fastq/RawFastq/1135BAL00_TUBE304020796_S194_R1_001.fastq.gz	/projects/b1042/HartmannLab/jack/balf_amplicon_microbiome/raw_fastq/RawFastq/1135BAL00_TUBE304020796_S194_R2_001.fastq.gz
1135BAL06_TUBE304019672	MGX_DATA	/projects/b1042/HartmannLab/jack/balf_amplicon_microbiome/raw_fastq/RawFastq/1135BAL06_TUBE304019672_S197_R1_001.fastq.gz	/projects/b1042/HartmannLab/jack/balf_amplicon_microbiome/raw_fastq/RawFastq/1135BAL06_TUBE304019672_S197_R2_001.fastq.gz
1136BAL00_TUBE304019615	MGX_DATA	/projects/b1042/HartmannLab/jack/balf_amplicon_microbiome/raw_fastq/RawFastq/1136BAL00_TUBE304019615_S196_R1_001.fastq.gz	/projects/b1042/HartmannLab/jack/balf_amplicon_microbiome/raw_fastq/RawFastq/1136BAL00_TUBE304019615_S196_R2_001.fastq.gz
1137BAL00_TUBE304020090	MGX_DATA	/projects/b1042/HartmannLab/jack/balf_amplicon_microbiome/raw_fastq/RawFastq/1137BAL00_TUBE304020090_S195_R1_001.fastq.gz	/projects/b1042/HartmannLab/jack/balf_amplicon_microbiome/raw_fastq/RawFastq/1137BAL00_TUBE304020090_S195_R2_001.fastq.gz
1138BAL00_TUBE304020776	MGX_DATA	/projects/b1042/HartmannLab/jack/balf_amplicon_microbiome/raw_fastq/RawFastq/1138BAL00_TUBE304020776_S198_R1_001.fastq.gz	/projects/b1042/HartmannLab/jack/balf_amplicon_microbiome/raw_fastq/RawFastq/1138BAL00_TUBE304020776_S198_R2_001.fastq.gz
1139BAL00_TUBE304015570	MGX_DATA	/projects/b1042/HartmannLab/jack/balf_amplicon_microbiome/raw_fastq/RawFastq/1139BAL00_TUBE304015570_S199_R1_001.fastq.gz	/projects/b1042/HartmannLab/jack/balf_amplicon_microbiome/raw_fastq/RawFastq/1139BAL00_TUBE304015570_S199_R2_001.fastq.gz
1140BAL00_TUBE304020816	MGX_DATA	/projects/b1042/HartmannLab/jack/balf_amplicon_microbiome/raw_fastq/RawFastq/1140BAL00_TUBE304020816_S59_R1_001.fastq.gz	/projects/b1042/HartmannLab/jack/balf_amplicon_microbiome/raw_fastq/RawFastq/1140BAL00_TUBE304020816_S59_R2_001.fastq.gz
1141BAL00_TUBE304017192	MGX_DATA	/projects/b1042/HartmannLab/jack/balf_amplicon_microbiome/raw_fastq/RawFastq/1141BAL00_TUBE304017192_S200_R1_001.fastq.gz	/projects/b1042/HartmannLab/jack/balf_amplicon_microbiome/raw_fastq/RawFastq/1141BAL00_TUBE304017192_S200_R2_001.fastq.gz
1142BAL00_TUBE304018884	MGX_DATA	/projects/b1042/HartmannLab/jack/balf_amplicon_microbiome/raw_fastq/RawFastq/1142BAL00_TUBE304018884_S201_R1_001.fastq.gz	/projects/b1042/HartmannLab/jack/balf_amplicon_microbiome/raw_fastq/RawFastq/1142BAL00_TUBE304018884_S201_R2_001.fastq.gz
1143BAL00_TUBE304018919	MGX_DATA	/projects/b1042/HartmannLab/jack/balf_amplicon_microbiome/raw_fastq/RawFastq/1143BAL00_TUBE304018919_S202_R1_001.fastq.gz	/projects/b1042/HartmannLab/jack/balf_amplicon_microbiome/raw_fastq/RawFastq/1143BAL00_TUBE304018919_S202_R2_001.fastq.gz
1144BAL00_TUBE304020817	MGX_DATA	/projects/b1042/HartmannLab/jack/balf_amplicon_microbiome/raw_fastq/RawFastq/1144BAL00_TUBE304020817_S152_R1_001.fastq.gz	/projects/b1042/HartmannLab/jack/balf_amplicon_microbiome/raw_fastq/RawFastq/1144BAL00_TUBE304020817_S152_R2_001.fastq.gz
1145BAL00_TUBE304018921	MGX_DATA	/projects/b1042/HartmannLab/jack/balf_amplicon_microbiome/raw_fastq/RawFastq/1145BAL00_TUBE304018921_S151_R1_001.fastq.gz	/projects/b1042/HartmannLab/jack/balf_amplicon_microbiome/raw_fastq/RawFastq/1145BAL00_TUBE304018921_S151_R2_001.fastq.gz
1146BAL00_TUBE304020779	MGX_DATA	/projects/b1042/HartmannLab/jack/balf_amplicon_microbiome/raw_fastq/RawFastq/1146BAL00_TUBE304020779_S60_R1_001.fastq.gz	/projects/b1042/HartmannLab/jack/balf_amplicon_microbiome/raw_fastq/RawFastq/1146BAL00_TUBE304020779_S60_R2_001.fastq.gz
1146BRL00_TUBE304018136	MGX_DATA	/projects/b1042/HartmannLab/jack/balf_amplicon_microbiome/raw_fastq/RawFastq/1146BRL00_TUBE304018136_S203_R1_001.fastq.gz	/projects/b1042/HartmannLab/jack/balf_amplicon_microbiome/raw_fastq/RawFastq/1146BRL00_TUBE304018136_S203_R2_001.fastq.gz
1147BAL00_TUBE304019679	MGX_DATA	/projects/b1042/HartmannLab/jack/balf_amplicon_microbiome/raw_fastq/RawFastq/1147BAL00_TUBE304019679_S61_R1_001.fastq.gz	/projects/b1042/HartmannLab/jack/balf_amplicon_microbiome/raw_fastq/RawFastq/1147BAL00_TUBE304019679_S61_R2_001.fastq.gz
1148BAL00_TUBE304020847	MGX_DATA	/projects/b1042/HartmannLab/jack/balf_amplicon_microbiome/raw_fastq/RawFastq/1148BAL00_TUBE304020847_S62_R1_001.fastq.gz	/projects/b1042/HartmannLab/jack/balf_amplicon_microbiome/raw_fastq/RawFastq/1148BAL00_TUBE304020847_S62_R2_001.fastq.gz
1148BAL05_TUBE304018913	MGX_DATA	/projects/b1042/HartmannLab/jack/balf_amplicon_microbiome/raw_fastq/RawFastq/1148BAL05_TUBE304018913_S63_R1_001.fastq.gz	/projects/b1042/HartmannLab/jack/balf_amplicon_microbiome/raw_fastq/RawFastq/1148BAL05_TUBE304018913_S63_R2_001.fastq.gz
1149BAL00_TUBE304018895	MGX_DATA	/projects/b1042/HartmannLab/jack/balf_amplicon_microbiome/raw_fastq/RawFastq/1149BAL00_TUBE304018895_S204_R1_001.fastq.gz	/projects/b1042/HartmannLab/jack/balf_amplicon_microbiome/raw_fastq/RawFastq/1149BAL00_TUBE304018895_S204_R2_001.fastq.gz
1150BAL00_TUBE304020769	MGX_DATA	/projects/b1042/HartmannLab/jack/balf_amplicon_microbiome/raw_fastq/RawFastq/1150BAL00_TUBE304020769_S64_R1_001.fastq.gz	/projects/b1042/HartmannLab/jack/balf_amplicon_microbiome/raw_fastq/RawFastq/1150BAL00_TUBE304020769_S64_R2_001.fastq.gz
1151BAL00_TUBE304020850	MGX_DATA	/projects/b1042/HartmannLab/jack/balf_amplicon_microbiome/raw_fastq/RawFastq/1151BAL00_TUBE304020850_S205_R1_001.fastq.gz	/projects/b1042/HartmannLab/jack/balf_amplicon_microbiome/raw_fastq/RawFastq/1151BAL00_TUBE304020850_S205_R2_001.fastq.gz
1151BAL05_TUBE304020690	MGX_DATA	/projects/b1042/HartmannLab/jack/balf_amplicon_microbiome/raw_fastq/RawFastq/1151BAL05_TUBE304020690_S207_R1_001.fastq.gz	/projects/b1042/HartmannLab/jack/balf_amplicon_microbiome/raw_fastq/RawFastq/1151BAL05_TUBE304020690_S207_R2_001.fastq.gz
1152BAL00_TUBE304032662	MGX_DATA	/projects/b1042/HartmannLab/jack/balf_amplicon_microbiome/raw_fastq/RawFastq/1152BAL00_TUBE304032662_S206_R1_001.fastq.gz	/projects/b1042/HartmannLab/jack/balf_amplicon_microbiome/raw_fastq/RawFastq/1152BAL00_TUBE304032662_S206_R2_001.fastq.gz
1153BAL00_TUBE368507068	MGX_DATA	/projects/b1042/HartmannLab/jack/balf_amplicon_microbiome/raw_fastq/RawFastq/1153BAL00_TUBE368507068_S65_R1_001.fastq.gz	/projects/b1042/HartmannLab/jack/balf_amplicon_microbiome/raw_fastq/RawFastq/1153BAL00_TUBE368507068_S65_R2_001.fastq.gz
1154BAL00_TUBE368507057	MGX_DATA	/projects/b1042/HartmannLab/jack/balf_amplicon_microbiome/raw_fastq/RawFastq/1154BAL00_TUBE368507057_S208_R1_001.fastq.gz	/projects/b1042/HartmannLab/jack/balf_amplicon_microbiome/raw_fastq/RawFastq/1154BAL00_TUBE368507057_S208_R2_001.fastq.gz
1155BAL00_TUBE368506215	MGX_DATA	/projects/b1042/HartmannLab/jack/balf_amplicon_microbiome/raw_fastq/RawFastq/1155BAL00_TUBE368506215_S209_R1_001.fastq.gz	/projects/b1042/HartmannLab/jack/balf_amplicon_microbiome/raw_fastq/RawFastq/1155BAL00_TUBE368506215_S209_R2_001.fastq.gz
1156BAL00_TUBE368507015	MGX_DATA	/projects/b1042/HartmannLab/jack/balf_amplicon_microbiome/raw_fastq/RawFastq/1156BAL00_TUBE368507015_S210_R1_001.fastq.gz	/projects/b1042/HartmannLab/jack/balf_amplicon_microbiome/raw_fastq/RawFastq/1156BAL00_TUBE368507015_S210_R2_001.fastq.gz
1157BAL00_TUBE368506144	MGX_DATA	/projects/b1042/HartmannLab/jack/balf_amplicon_microbiome/raw_fastq/RawFastq/1157BAL00_TUBE368506144_S211_R1_001.fastq.gz	/projects/b1042/HartmannLab/jack/balf_amplicon_microbiome/raw_fastq/RawFastq/1157BAL00_TUBE368506144_S211_R2_001.fastq.gz
1158BAL00_TUBE368507010	MGX_DATA	/projects/b1042/HartmannLab/jack/balf_amplicon_microbiome/raw_fastq/RawFastq/1158BAL00_TUBE368507010_S213_R1_001.fastq.gz	/projects/b1042/HartmannLab/jack/balf_amplicon_microbiome/raw_fastq/RawFastq/1158BAL00_TUBE368507010_S213_R2_001.fastq.gz
1159BAL00_TUBE368506195	MGX_DATA	/projects/b1042/HartmannLab/jack/balf_amplicon_microbiome/raw_fastq/RawFastq/1159BAL00_TUBE368506195_S214_R1_001.fastq.gz	/projects/b1042/HartmannLab/jack/balf_amplicon_microbiome/raw_fastq/RawFastq/1159BAL00_TUBE368506195_S214_R2_001.fastq.gz
1159BAL01_TUBE368524274	MGX_DATA	/projects/b1042/HartmannLab/jack/balf_amplicon_microbiome/raw_fastq/RawFastq/1159BAL01_TUBE368524274_S212_R1_001.fastq.gz	/projects/b1042/HartmannLab/jack/balf_amplicon_microbiome/raw_fastq/RawFastq/1159BAL01_TUBE368524274_S212_R2_001.fastq.gz
1160BAL00_TUBE368506175	MGX_DATA	/projects/b1042/HartmannLab/jack/balf_amplicon_microbiome/raw_fastq/RawFastq/1160BAL00_TUBE368506175_S215_R1_001.fastq.gz	/projects/b1042/HartmannLab/jack/balf_amplicon_microbiome/raw_fastq/RawFastq/1160BAL00_TUBE368506175_S215_R2_001.fastq.gz
1160BAL01_TUBE368507085	MGX_DATA	/projects/b1042/HartmannLab/jack/balf_amplicon_microbiome/raw_fastq/RawFastq/1160BAL01_TUBE368507085_S216_R1_001.fastq.gz	/projects/b1042/HartmannLab/jack/balf_amplicon_microbiome/raw_fastq/RawFastq/1160BAL01_TUBE368507085_S216_R2_001.fastq.gz
1160BAL33_TUBE368523882	MGX_DATA	/projects/b1042/HartmannLab/jack/balf_amplicon_microbiome/raw_fastq/RawFastq/1160BAL33_TUBE368523882_S230_R1_001.fastq.gz	/projects/b1042/HartmannLab/jack/balf_amplicon_microbiome/raw_fastq/RawFastq/1160BAL33_TUBE368523882_S230_R2_001.fastq.gz
1161BAL00_TUBE368524241	MGX_DATA	/projects/b1042/HartmannLab/jack/balf_amplicon_microbiome/raw_fastq/RawFastq/1161BAL00_TUBE368524241_S66_R1_001.fastq.gz	/projects/b1042/HartmannLab/jack/balf_amplicon_microbiome/raw_fastq/RawFastq/1161BAL00_TUBE368524241_S66_R2_001.fastq.gz
1162BAL00_TUBE368524085	MGX_DATA	/projects/b1042/HartmannLab/jack/balf_amplicon_microbiome/raw_fastq/RawFastq/1162BAL00_TUBE368524085_S67_R1_001.fastq.gz	/projects/b1042/HartmannLab/jack/balf_amplicon_microbiome/raw_fastq/RawFastq/1162BAL00_TUBE368524085_S67_R2_001.fastq.gz
1163BAL00_TUBE368524099	MGX_DATA	/projects/b1042/HartmannLab/jack/balf_amplicon_microbiome/raw_fastq/RawFastq/1163BAL00_TUBE368524099_S218_R1_001.fastq.gz	/projects/b1042/HartmannLab/jack/balf_amplicon_microbiome/raw_fastq/RawFastq/1163BAL00_TUBE368524099_S218_R2_001.fastq.gz
1164BAL00_TUBE368507092	MGX_DATA	/projects/b1042/HartmannLab/jack/balf_amplicon_microbiome/raw_fastq/RawFastq/1164BAL00_TUBE368507092_S68_R1_001.fastq.gz	/projects/b1042/HartmannLab/jack/balf_amplicon_microbiome/raw_fastq/RawFastq/1164BAL00_TUBE368507092_S68_R2_001.fastq.gz
1164BAL03_TUBE368506219	MGX_DATA	/projects/b1042/HartmannLab/jack/balf_amplicon_microbiome/raw_fastq/RawFastq/1164BAL03_TUBE368506219_S87_R1_001.fastq.gz	/projects/b1042/HartmannLab/jack/balf_amplicon_microbiome/raw_fastq/RawFastq/1164BAL03_TUBE368506219_S87_R2_001.fastq.gz
1165BAL00_TUBE368506209	MGX_DATA	/projects/b1042/HartmannLab/jack/balf_amplicon_microbiome/raw_fastq/RawFastq/1165BAL00_TUBE368506209_S219_R1_001.fastq.gz	/projects/b1042/HartmannLab/jack/balf_amplicon_microbiome/raw_fastq/RawFastq/1165BAL00_TUBE368506209_S219_R2_001.fastq.gz
1165BAL03_TUBE368506199	MGX_DATA	/projects/b1042/HartmannLab/jack/balf_amplicon_microbiome/raw_fastq/RawFastq/1165BAL03_TUBE368506199_S174_R1_001.fastq.gz	/projects/b1042/HartmannLab/jack/balf_amplicon_microbiome/raw_fastq/RawFastq/1165BAL03_TUBE368506199_S174_R2_001.fastq.gz
1165BAL09_TUBE368524211	MGX_DATA	/projects/b1042/HartmannLab/jack/balf_amplicon_microbiome/raw_fastq/RawFastq/1165BAL09_TUBE368524211_S222_R1_001.fastq.gz	/projects/b1042/HartmannLab/jack/balf_amplicon_microbiome/raw_fastq/RawFastq/1165BAL09_TUBE368524211_S222_R2_001.fastq.gz
1166BAL00_TUBE368506157	MGX_DATA	/projects/b1042/HartmannLab/jack/balf_amplicon_microbiome/raw_fastq/RawFastq/1166BAL00_TUBE368506157_S217_R1_001.fastq.gz	/projects/b1042/HartmannLab/jack/balf_amplicon_microbiome/raw_fastq/RawFastq/1166BAL00_TUBE368506157_S217_R2_001.fastq.gz
1167BAL00_TUBE368506206	MGX_DATA	/projects/b1042/HartmannLab/jack/balf_amplicon_microbiome/raw_fastq/RawFastq/1167BAL00_TUBE368506206_S173_R1_001.fastq.gz	/projects/b1042/HartmannLab/jack/balf_amplicon_microbiome/raw_fastq/RawFastq/1167BAL00_TUBE368506206_S173_R2_001.fastq.gz
1167BAL02_TUBE368506159	MGX_DATA	/projects/b1042/HartmannLab/jack/balf_amplicon_microbiome/raw_fastq/RawFastq/1167BAL02_TUBE368506159_S220_R1_001.fastq.gz	/projects/b1042/HartmannLab/jack/balf_amplicon_microbiome/raw_fastq/RawFastq/1167BAL02_TUBE368506159_S220_R2_001.fastq.gz
1168BAL00_TUBE368506149	MGX_DATA	/projects/b1042/HartmannLab/jack/balf_amplicon_microbiome/raw_fastq/RawFastq/1168BAL00_TUBE368506149_S221_R1_001.fastq.gz	/projects/b1042/HartmannLab/jack/balf_amplicon_microbiome/raw_fastq/RawFastq/1168BAL00_TUBE368506149_S221_R2_001.fastq.gz
1169BAL00_TUBE304019695	MGX_DATA	/projects/b1042/HartmannLab/jack/balf_amplicon_microbiome/raw_fastq/RawFastq/1169BAL00_TUBE304019695_S71_R1_001.fastq.gz	/projects/b1042/HartmannLab/jack/balf_amplicon_microbiome/raw_fastq/RawFastq/1169BAL00_TUBE304019695_S71_R2_001.fastq.gz
1170BAL00_TUBE368507052	MGX_DATA	/projects/b1042/HartmannLab/jack/balf_amplicon_microbiome/raw_fastq/RawFastq/1170BAL00_TUBE368507052_S88_R1_001.fastq.gz	/projects/b1042/HartmannLab/jack/balf_amplicon_microbiome/raw_fastq/RawFastq/1170BAL00_TUBE368507052_S88_R2_001.fastq.gz
1171BAL00_TUBE368506202	MGX_DATA	/projects/b1042/HartmannLab/jack/balf_amplicon_microbiome/raw_fastq/RawFastq/1171BAL00_TUBE368506202_S89_R1_001.fastq.gz	/projects/b1042/HartmannLab/jack/balf_amplicon_microbiome/raw_fastq/RawFastq/1171BAL00_TUBE368506202_S89_R2_001.fastq.gz
1172BAL00_TUBE368524102	MGX_DATA	/projects/b1042/HartmannLab/jack/balf_amplicon_microbiome/raw_fastq/RawFastq/1172BAL00_TUBE368524102_S223_R1_001.fastq.gz	/projects/b1042/HartmannLab/jack/balf_amplicon_microbiome/raw_fastq/RawFastq/1172BAL00_TUBE368524102_S223_R2_001.fastq.gz
1173BAL00_TUBE368507040	MGX_DATA	/projects/b1042/HartmannLab/jack/balf_amplicon_microbiome/raw_fastq/RawFastq/1173BAL00_TUBE368507040_S224_R1_001.fastq.gz	/projects/b1042/HartmannLab/jack/balf_amplicon_microbiome/raw_fastq/RawFastq/1173BAL00_TUBE368507040_S224_R2_001.fastq.gz
1173BAL10_TUBE368506214	MGX_DATA	/projects/b1042/HartmannLab/jack/balf_amplicon_microbiome/raw_fastq/RawFastq/1173BAL10_TUBE368506214_S227_R1_001.fastq.gz	/projects/b1042/HartmannLab/jack/balf_amplicon_microbiome/raw_fastq/RawFastq/1173BAL10_TUBE368506214_S227_R2_001.fastq.gz
1174BAL00_TUBE368507031	MGX_DATA	/projects/b1042/HartmannLab/jack/balf_amplicon_microbiome/raw_fastq/RawFastq/1174BAL00_TUBE368507031_S225_R1_001.fastq.gz	/projects/b1042/HartmannLab/jack/balf_amplicon_microbiome/raw_fastq/RawFastq/1174BAL00_TUBE368507031_S225_R2_001.fastq.gz
1175BAL00_TUBE368516838	MGX_DATA	/projects/b1042/HartmannLab/jack/balf_amplicon_microbiome/raw_fastq/RawFastq/1175BAL00_TUBE368516838_S90_R1_001.fastq.gz	/projects/b1042/HartmannLab/jack/balf_amplicon_microbiome/raw_fastq/RawFastq/1175BAL00_TUBE368516838_S90_R2_001.fastq.gz
1176BAL00_TUBE368507007	MGX_DATA	/projects/b1042/HartmannLab/jack/balf_amplicon_microbiome/raw_fastq/RawFastq/1176BAL00_TUBE368507007_S226_R1_001.fastq.gz	/projects/b1042/HartmannLab/jack/balf_amplicon_microbiome/raw_fastq/RawFastq/1176BAL00_TUBE368507007_S226_R2_001.fastq.gz
1177BAL00_TUBE368506999	MGX_DATA	/projects/b1042/HartmannLab/jack/balf_amplicon_microbiome/raw_fastq/RawFastq/1177BAL00_TUBE368506999_S228_R1_001.fastq.gz	/projects/b1042/HartmannLab/jack/balf_amplicon_microbiome/raw_fastq/RawFastq/1177BAL00_TUBE368506999_S228_R2_001.fastq.gz
1178BAL00_TUBE368506192	MGX_DATA	/projects/b1042/HartmannLab/jack/balf_amplicon_microbiome/raw_fastq/RawFastq/1178BAL00_TUBE368506192_S229_R1_001.fastq.gz	/projects/b1042/HartmannLab/jack/balf_amplicon_microbiome/raw_fastq/RawFastq/1178BAL00_TUBE368506192_S229_R2_001.fastq.gz
1179BAL00_TUBE304019640	MGX_DATA	/projects/b1042/HartmannLab/jack/balf_amplicon_microbiome/raw_fastq/RawFastq/1179BAL00_TUBE304019640_S153_R1_001.fastq.gz	/projects/b1042/HartmannLab/jack/balf_amplicon_microbiome/raw_fastq/RawFastq/1179BAL00_TUBE304019640_S153_R2_001.fastq.gz
1179BAL16_TUBE368500694	MGX_DATA	/projects/b1042/HartmannLab/jack/balf_amplicon_microbiome/raw_fastq/RawFastq/1179BAL16_TUBE368500694_S246_R1_001.fastq.gz	/projects/b1042/HartmannLab/jack/balf_amplicon_microbiome/raw_fastq/RawFastq/1179BAL16_TUBE368500694_S246_R2_001.fastq.gz
1180BAL00_TUBE304020097	MGX_DATA	/projects/b1042/HartmannLab/jack/balf_amplicon_microbiome/raw_fastq/RawFastq/1180BAL00_TUBE304020097_S69_R1_001.fastq.gz	/projects/b1042/HartmannLab/jack/balf_amplicon_microbiome/raw_fastq/RawFastq/1180BAL00_TUBE304020097_S69_R2_001.fastq.gz
1181BAL00_TUBE304019664	MGX_DATA	/projects/b1042/HartmannLab/jack/balf_amplicon_microbiome/raw_fastq/RawFastq/1181BAL00_TUBE304019664_S154_R1_001.fastq.gz	/projects/b1042/HartmannLab/jack/balf_amplicon_microbiome/raw_fastq/RawFastq/1181BAL00_TUBE304019664_S154_R2_001.fastq.gz
1181BAL02_TUBE368506216	MGX_DATA	/projects/b1042/HartmannLab/jack/balf_amplicon_microbiome/raw_fastq/RawFastq/1181BAL02_TUBE368506216_S232_R1_001.fastq.gz	/projects/b1042/HartmannLab/jack/balf_amplicon_microbiome/raw_fastq/RawFastq/1181BAL02_TUBE368506216_S232_R2_001.fastq.gz
1182BAL00_TUBE368507012	MGX_DATA	/projects/b1042/HartmannLab/jack/balf_amplicon_microbiome/raw_fastq/RawFastq/1182BAL00_TUBE368507012_S243_R1_001.fastq.gz	/projects/b1042/HartmannLab/jack/balf_amplicon_microbiome/raw_fastq/RawFastq/1182BAL00_TUBE368507012_S243_R2_001.fastq.gz
1182BAL02_TUBE368506194	MGX_DATA	/projects/b1042/HartmannLab/jack/balf_amplicon_microbiome/raw_fastq/RawFastq/1182BAL02_TUBE368506194_S231_R1_001.fastq.gz	/projects/b1042/HartmannLab/jack/balf_amplicon_microbiome/raw_fastq/RawFastq/1182BAL02_TUBE368506194_S231_R2_001.fastq.gz
1183BAL00_TUBE368524110	MGX_DATA	/projects/b1042/HartmannLab/jack/balf_amplicon_microbiome/raw_fastq/RawFastq/1183BAL00_TUBE368524110_S242_R1_001.fastq.gz	/projects/b1042/HartmannLab/jack/balf_amplicon_microbiome/raw_fastq/RawFastq/1183BAL00_TUBE368524110_S242_R2_001.fastq.gz
1183BAL01_TUBE368524194	MGX_DATA	/projects/b1042/HartmannLab/jack/balf_amplicon_microbiome/raw_fastq/RawFastq/1183BAL01_TUBE368524194_S233_R1_001.fastq.gz	/projects/b1042/HartmannLab/jack/balf_amplicon_microbiome/raw_fastq/RawFastq/1183BAL01_TUBE368524194_S233_R2_001.fastq.gz
1183BAL04_TUBE368507081	MGX_DATA	/projects/b1042/HartmannLab/jack/balf_amplicon_microbiome/raw_fastq/RawFastq/1183BAL04_TUBE368507081_S235_R1_001.fastq.gz	/projects/b1042/HartmannLab/jack/balf_amplicon_microbiome/raw_fastq/RawFastq/1183BAL04_TUBE368507081_S235_R2_001.fastq.gz
1183BAL09_TUBE368524084	MGX_DATA	/projects/b1042/HartmannLab/jack/balf_amplicon_microbiome/raw_fastq/RawFastq/1183BAL09_TUBE368524084_S239_R1_001.fastq.gz	/projects/b1042/HartmannLab/jack/balf_amplicon_microbiome/raw_fastq/RawFastq/1183BAL09_TUBE368524084_S239_R2_001.fastq.gz
1183BAL16_TUBE368506223	MGX_DATA	/projects/b1042/HartmannLab/jack/balf_amplicon_microbiome/raw_fastq/RawFastq/1183BAL16_TUBE368506223_S244_R1_001.fastq.gz	/projects/b1042/HartmannLab/jack/balf_amplicon_microbiome/raw_fastq/RawFastq/1183BAL16_TUBE368506223_S244_R2_001.fastq.gz
1184BAL00_TUBE368506224	MGX_DATA	/projects/b1042/HartmannLab/jack/balf_amplicon_microbiome/raw_fastq/RawFastq/1184BAL00_TUBE368506224_S234_R1_001.fastq.gz	/projects/b1042/HartmannLab/jack/balf_amplicon_microbiome/raw_fastq/RawFastq/1184BAL00_TUBE368506224_S234_R2_001.fastq.gz
1184BAL08_TUBE368507050	MGX_DATA	/projects/b1042/HartmannLab/jack/balf_amplicon_microbiome/raw_fastq/RawFastq/1184BAL08_TUBE368507050_S236_R1_001.fastq.gz	/projects/b1042/HartmannLab/jack/balf_amplicon_microbiome/raw_fastq/RawFastq/1184BAL08_TUBE368507050_S236_R2_001.fastq.gz
1185BAL00_TUBE304016625	MGX_DATA	/projects/b1042/HartmannLab/jack/balf_amplicon_microbiome/raw_fastq/RawFastq/1185BAL00_TUBE304016625_S70_R1_001.fastq.gz	/projects/b1042/HartmannLab/jack/balf_amplicon_microbiome/raw_fastq/RawFastq/1185BAL00_TUBE304016625_S70_R2_001.fastq.gz
1186BAL00_TUBE368507049	MGX_DATA	/projects/b1042/HartmannLab/jack/balf_amplicon_microbiome/raw_fastq/RawFastq/1186BAL00_TUBE368507049_S34_R1_001.fastq.gz	/projects/b1042/HartmannLab/jack/balf_amplicon_microbiome/raw_fastq/RawFastq/1186BAL00_TUBE368507049_S34_R2_001.fastq.gz
1186BAL06_TUBE368524107	MGX_DATA	/projects/b1042/HartmannLab/jack/balf_amplicon_microbiome/raw_fastq/RawFastq/1186BAL06_TUBE368524107_S22_R1_001.fastq.gz	/projects/b1042/HartmannLab/jack/balf_amplicon_microbiome/raw_fastq/RawFastq/1186BAL06_TUBE368524107_S22_R2_001.fastq.gz
1186BAL10_TUBE368506135	MGX_DATA	/projects/b1042/HartmannLab/jack/balf_amplicon_microbiome/raw_fastq/RawFastq/1186BAL10_TUBE368506135_S17_R1_001.fastq.gz	/projects/b1042/HartmannLab/jack/balf_amplicon_microbiome/raw_fastq/RawFastq/1186BAL10_TUBE368506135_S17_R2_001.fastq.gz
1186BAL20_TUBE368506208	MGX_DATA	/projects/b1042/HartmannLab/jack/balf_amplicon_microbiome/raw_fastq/RawFastq/1186BAL20_TUBE368506208_S1_R1_001.fastq.gz	/projects/b1042/HartmannLab/jack/balf_amplicon_microbiome/raw_fastq/RawFastq/1186BAL20_TUBE368506208_S1_R2_001.fastq.gz
1187BAL00_TUBE368506147	MGX_DATA	/projects/b1042/HartmannLab/jack/balf_amplicon_microbiome/raw_fastq/RawFastq/1187BAL00_TUBE368506147_S238_R1_001.fastq.gz	/projects/b1042/HartmannLab/jack/balf_amplicon_microbiome/raw_fastq/RawFastq/1187BAL00_TUBE368506147_S238_R2_001.fastq.gz
1188BAL00_TUBE368506218	MGX_DATA	/projects/b1042/HartmannLab/jack/balf_amplicon_microbiome/raw_fastq/RawFastq/1188BAL00_TUBE368506218_S241_R1_001.fastq.gz	/projects/b1042/HartmannLab/jack/balf_amplicon_microbiome/raw_fastq/RawFastq/1188BAL00_TUBE368506218_S241_R2_001.fastq.gz
1189BAL00_TUBE368524118	MGX_DATA	/projects/b1042/HartmannLab/jack/balf_amplicon_microbiome/raw_fastq/RawFastq/1189BAL00_TUBE368524118_S237_R1_001.fastq.gz	/projects/b1042/HartmannLab/jack/balf_amplicon_microbiome/raw_fastq/RawFastq/1189BAL00_TUBE368524118_S237_R2_001.fastq.gz
1190BAL00_TUBE368524094	MGX_DATA	/projects/b1042/HartmannLab/jack/balf_amplicon_microbiome/raw_fastq/RawFastq/1190BAL00_TUBE368524094_S240_R1_001.fastq.gz	/projects/b1042/HartmannLab/jack/balf_amplicon_microbiome/raw_fastq/RawFastq/1190BAL00_TUBE368524094_S240_R2_001.fastq.gz
1191BAL00_TUBE368507008	MGX_DATA	/projects/b1042/HartmannLab/jack/balf_amplicon_microbiome/raw_fastq/RawFastq/1191BAL00_TUBE368507008_S33_R1_001.fastq.gz	/projects/b1042/HartmannLab/jack/balf_amplicon_microbiome/raw_fastq/RawFastq/1191BAL00_TUBE368507008_S33_R2_001.fastq.gz
1192BAL00_TUBE368506230	MGX_DATA	/projects/b1042/HartmannLab/jack/balf_amplicon_microbiome/raw_fastq/RawFastq/1192BAL00_TUBE368506230_S21_R1_001.fastq.gz	/projects/b1042/HartmannLab/jack/balf_amplicon_microbiome/raw_fastq/RawFastq/1192BAL00_TUBE368506230_S21_R2_001.fastq.gz
1193BAL00_TUBE368524123	MGX_DATA	/projects/b1042/HartmannLab/jack/balf_amplicon_microbiome/raw_fastq/RawFastq/1193BAL00_TUBE368524123_S245_R1_001.fastq.gz	/projects/b1042/HartmannLab/jack/balf_amplicon_microbiome/raw_fastq/RawFastq/1193BAL00_TUBE368524123_S245_R2_001.fastq.gz
1194BAL00_TUBE368507018	MGX_DATA	/projects/b1042/HartmannLab/jack/balf_amplicon_microbiome/raw_fastq/RawFastq/1194BAL00_TUBE368507018_S248_R1_001.fastq.gz	/projects/b1042/HartmannLab/jack/balf_amplicon_microbiome/raw_fastq/RawFastq/1194BAL00_TUBE368507018_S248_R2_001.fastq.gz
1195BAL00_TUBE368506228	MGX_DATA	/projects/b1042/HartmannLab/jack/balf_amplicon_microbiome/raw_fastq/RawFastq/1195BAL00_TUBE368506228_S247_R1_001.fastq.gz	/projects/b1042/HartmannLab/jack/balf_amplicon_microbiome/raw_fastq/RawFastq/1195BAL00_TUBE368506228_S247_R2_001.fastq.gz
1196BAL00_TUBE368525762	MGX_DATA	/projects/b1042/HartmannLab/jack/balf_amplicon_microbiome/raw_fastq/RawFastq/1196BAL00_TUBE368525762_S249_R1_001.fastq.gz	/projects/b1042/HartmannLab/jack/balf_amplicon_microbiome/raw_fastq/RawFastq/1196BAL00_TUBE368525762_S249_R2_001.fastq.gz
1197BAL00_TUBE368507026	MGX_DATA	/projects/b1042/HartmannLab/jack/balf_amplicon_microbiome/raw_fastq/RawFastq/1197BAL00_TUBE368507026_S8_R1_001.fastq.gz	/projects/b1042/HartmannLab/jack/balf_amplicon_microbiome/raw_fastq/RawFastq/1197BAL00_TUBE368507026_S8_R2_001.fastq.gz
1198BAL00_TUBE368500667	MGX_DATA	/projects/b1042/HartmannLab/jack/balf_amplicon_microbiome/raw_fastq/RawFastq/1198BAL00_TUBE368500667_S250_R1_001.fastq.gz	/projects/b1042/HartmannLab/jack/balf_amplicon_microbiome/raw_fastq/RawFastq/1198BAL00_TUBE368500667_S250_R2_001.fastq.gz
1198BAL02_TUBE368507087	MGX_DATA	/projects/b1042/HartmannLab/jack/balf_amplicon_microbiome/raw_fastq/RawFastq/1198BAL02_TUBE368507087_S252_R1_001.fastq.gz	/projects/b1042/HartmannLab/jack/balf_amplicon_microbiome/raw_fastq/RawFastq/1198BAL02_TUBE368507087_S252_R2_001.fastq.gz
1199BAL00_TUBE368506185	MGX_DATA	/projects/b1042/HartmannLab/jack/balf_amplicon_microbiome/raw_fastq/RawFastq/1199BAL00_TUBE368506185_S251_R1_001.fastq.gz	/projects/b1042/HartmannLab/jack/balf_amplicon_microbiome/raw_fastq/RawFastq/1199BAL00_TUBE368506185_S251_R2_001.fastq.gz
1200BAL00_TUBE368506189	MGX_DATA	/projects/b1042/HartmannLab/jack/balf_amplicon_microbiome/raw_fastq/RawFastq/1200BAL00_TUBE368506189_S2_R1_001.fastq.gz	/projects/b1042/HartmannLab/jack/balf_amplicon_microbiome/raw_fastq/RawFastq/1200BAL00_TUBE368506189_S2_R2_001.fastq.gz
1201BAL00_TUBE368524098	MGX_DATA	/projects/b1042/HartmannLab/jack/balf_amplicon_microbiome/raw_fastq/RawFastq/1201BAL00_TUBE368524098_S253_R1_001.fastq.gz	/projects/b1042/HartmannLab/jack/balf_amplicon_microbiome/raw_fastq/RawFastq/1201BAL00_TUBE368524098_S253_R2_001.fastq.gz
20230118_ZymoControl	MGX_DATA	/projects/b1042/HartmannLab/jack/balf_amplicon_microbiome/raw_fastq/RawFastq/20230118_Zymo_Control_S92_R1_001.fastq.gz	/projects/b1042/HartmannLab/jack/balf_amplicon_microbiome/raw_fastq/RawFastq/20230118_Zymo_Control_S92_R2_001.fastq.gz
20230201_Zymo2point5ng177	MGX_DATA	/projects/b1042/HartmannLab/jack/balf_amplicon_microbiome/raw_fastq/RawFastq/20230201_Zymo_2point5ng_S177_R1_001.fastq.gz	/projects/b1042/HartmannLab/jack/balf_amplicon_microbiome/raw_fastq/RawFastq/20230201_Zymo_2point5ng_S177_R2_001.fastq.gz
20230207_Zymo2point5ng272	MGX_DATA	/projects/b1042/HartmannLab/jack/balf_amplicon_microbiome/raw_fastq/RawFastq/20230207_Zymo_2point5ng_S272_R1_001.fastq.gz	/projects/b1042/HartmannLab/jack/balf_amplicon_microbiome/raw_fastq/RawFastq/20230207_Zymo_2point5ng_S272_R2_001.fastq.gz
Water_230118NFW	MGX_DATA	/projects/b1042/HartmannLab/jack/balf_amplicon_microbiome/raw_fastq/RawFastq/230118NFW_S93_R1_001.fastq.gz	/projects/b1042/HartmannLab/jack/balf_amplicon_microbiome/raw_fastq/RawFastq/230118NFW_S93_R2_001.fastq.gz
Water_230202NFW	MGX_DATA	/projects/b1042/HartmannLab/jack/balf_amplicon_microbiome/raw_fastq/RawFastq/230202NFW_S178_R1_001.fastq.gz	/projects/b1042/HartmannLab/jack/balf_amplicon_microbiome/raw_fastq/RawFastq/230202NFW_S178_R2_001.fastq.gz
Water_230207NFW	MGX_DATA	/projects/b1042/HartmannLab/jack/balf_amplicon_microbiome/raw_fastq/RawFastq/230207NFW_S273_R1_001.fastq.gz	/projects/b1042/HartmannLab/jack/balf_amplicon_microbiome/raw_fastq/RawFastq/230207NFW_S273_R2_001.fastq.gz
Water_F9Sham	MGX_DATA	/projects/b1042/HartmannLab/jack/balf_amplicon_microbiome/raw_fastq/RawFastq/F9Sham_S163_R1_001.fastq.gz	/projects/b1042/HartmannLab/jack/balf_amplicon_microbiome/raw_fastq/RawFastq/F9Sham_S163_R2_001.fastq.gz
Water_01	MGX_DATA	/projects/b1042/HartmannLab/jack/balf_amplicon_microbiome/raw_fastq/RawFastq/Water_01_S91_R1_001.fastq.gz	/projects/b1042/HartmannLab/jack/balf_amplicon_microbiome/raw_fastq/RawFastq/Water_01_S91_R2_001.fastq.gz
Water_03	MGX_DATA	/projects/b1042/HartmannLab/jack/balf_amplicon_microbiome/raw_fastq/RawFastq/Water_03_S271_R1_001.fastq.gz	/projects/b1042/HartmannLab/jack/balf_amplicon_microbiome/raw_fastq/RawFastq/Water_03_S271_R2_001.fastq.gz
Water_05	MGX_DATA	/projects/b1042/HartmannLab/jack/balf_amplicon_microbiome/raw_fastq/RawFastq/Water_05_S136_R1_001.fastq.gz	/projects/b1042/HartmannLab/jack/balf_amplicon_microbiome/raw_fastq/RawFastq/Water_05_S136_R2_001.fastq.gz
Water_06	MGX_DATA	/projects/b1042/HartmannLab/jack/balf_amplicon_microbiome/raw_fastq/RawFastq/Water_06_S176_R1_001.fastq.gz	/projects/b1042/HartmannLab/jack/balf_amplicon_microbiome/raw_fastq/RawFastq/Water_06_S176_R2_001.fastq.gz
